Title,Category,Links,Publication Date
Белый дом не подтвердил поставку ЗРК Patriot Украине в рамках будущего пакета помощи,Политика,https://www.vedomosti.ru/politics/news/2022/12/14/955332-belii-dom-ne-podtverdil-patriot,"Wed, 14 Dec 2022 20:35:45 +0300"
Жителю Удмуртии дали 5 лет за попытку участия в боевых действиях против России,Общество,https://www.vedomosti.ru/society/news/2022/12/14/955330-zhitelyu-udmurtii-dali,"Wed, 14 Dec 2022 20:06:13 +0300"
Прокуратура попросила изъять имущество экс-полковника Захарченко на 50 млн рублей,Общество,https://www.vedomosti.ru/society/news/2022/12/14/955328-prokuratura-poprosila-izyat,"Wed, 14 Dec 2022 19:19:42 +0300"
"Недельная инфляция в России замедлилась до 0,19%",Экономика,https://www.vedomosti.ru/economics/news/2022/12/14/955322-nedelnaya-inflyatsiya-zamedlilas,"Wed, 14 Dec 2022 19:10:26 +0300"
Глава МАГАТЭ может приехать в Москву до конца этого года,Политика,https://www.vedomosti.ru/politics/news/2022/12/14/955320-glava-magate-mozhet-priehat,"Wed, 14 Dec 2022 18:49:31 +0300"
Путин поддержал выдачу электронных разрешений и лицензий для бизнеса,Бизнес,https://www.vedomosti.ru/business/news/2022/12/14/955311-putin-podderzhal-vidachu-elektronnih,"Wed, 14 Dec 2022 18:39:16 +0300"
Курс доллара на Мосбирже превысил 64 рубля впервые с октября,Финансы,https://www.vedomosti.ru/finance/news/2022/12/14/955318-kurs-dollara-previsil,"Wed, 14 Dec 2022 18:32:47 +0300"
МИД назвал слова Шольца о России попыткой оправдаться за экономическое проблемы ФРГ,Политика,https://www.vedomosti.ru/politics/news/2022/12/14/955308-mid-nazval-slova-sholtsa,"Wed, 14 Dec 2022 18:20:18 +0300"
Россия и Иран подписали меморандум о сотрудничестве в космической сфере,Политика,https://www.vedomosti.ru/politics/news/2022/12/14/955302-rossiya-i-iran-podpisali,"Wed, 14 Dec 2022 17:59:45 +0300"
Совфед утвердил преимущественное право мобилизованных на ранее занимаемые должности,Общество,https://www.vedomosti.ru/society/news/2022/12/14/955303-sovfed-utverdil-pravo,"Wed, 14 Dec 2022 17:46:44 +0300"
Лавров сообщил о скором отказе от расчета торговой статистики ЕАЭС в долларах,Экономика,https://www.vedomosti.ru/economics/news/2022/12/14/955300-lavrov-soobschil-o-skorom-otkaze,"Wed, 14 Dec 2022 17:30:29 +0300"
Рогов сообщил о назначении нового главы администрации Энергодара,Политика,https://www.vedomosti.ru/politics/news/2022/12/14/955297-rogov-soobschil-o-naznachenii,"Wed, 14 Dec 2022 17:22:48 +0300"
Роспотребнадзор предложил тестировать на грипп всех пациентов с признаками ОРВИ,Общество,https://www.vedomosti.ru/society/news/2022/12/14/955296-rospotrebnadzor-predlozhil-testirovat,"Wed, 14 Dec 2022 16:44:24 +0300"
"Путин сообщил, что сделал прививку от гриппа",Общество,https://www.vedomosti.ru/society/news/2022/12/14/955288-putin-soobschil,"Wed, 14 Dec 2022 16:20:20 +0300"
Путин заявил о росте заболеваемости ОРВИ и гриппом,Общество,https://www.vedomosti.ru/society/news/2022/12/14/955280-putin-zayavil-o-roste,"Wed, 14 Dec 2022 16:14:36 +0300"
Еврокомиссия направила Украине последний в этом году транш в 500 млн евро,Политика,https://www.vedomosti.ru/politics/news/2022/12/14/955279-evrokomissiya-napravila-ukraine-poslednii-v-etom-godu-transh,"Wed, 14 Dec 2022 16:06:17 +0300"
На Запорожской АЭС выявили агента ВСУ,Политика,https://www.vedomosti.ru/politics/news/2022/12/14/955278-na-zaes-viyavili-agenta,"Wed, 14 Dec 2022 15:52:35 +0300"
«Победа» возобновит полеты в Дубай с 28 января,Бизнес,https://www.vedomosti.ru/business/news/2022/12/14/955277-pobeda-dubai,"Wed, 14 Dec 2022 15:40:02 +0300"
Госдума одобрила во втором чтении штраф за осквернение георгиевской ленты,Общество,https://www.vedomosti.ru/society/news/2022/12/14/955276-gosduma-odobrila-vo-vtorom-chtenii-shtraf,"Wed, 14 Dec 2022 15:19:57 +0300"
Минобороны сообщило о взятии основной части села Водяное в ДНР,Политика,https://www.vedomosti.ru/politics/news/2022/12/14/955275-minoboroni-osnovnoi-chasti-sela-vodyanoe,"Wed, 14 Dec 2022 15:19:17 +0300"
Суд в Москве заочно арестовал сооснователя «Диссернета» Заякина,Общество,https://www.vedomosti.ru/society/news/2022/12/14/955268-sud-v-moskve-zaochno-arestoval-soosnovatelya-disserneta,"Wed, 14 Dec 2022 15:01:00 +0300"
Совфед утвердил МРОТ на уровне 16 242 рублей,Экономика,https://www.vedomosti.ru/society/news/2022/12/14/955271-sovfed-utverdil-mrot-16-242,"Wed, 14 Dec 2022 14:59:57 +0300"
Совфед одобрил закон об упрощенном подтверждении нулевого НДС,Экономика,https://www.vedomosti.ru/economics/news/2022/12/14/955270-sovfed-uproschennom-podtverzhdenii-nulevogo-nds,"Wed, 14 Dec 2022 14:59:56 +0300"
Лидеры Косова подписали заявку на членство в Евросоюзе,Политика,https://www.vedomosti.ru/politics/news/2022/12/14/955265-lideri-kosova-podpisali,"Wed, 14 Dec 2022 14:52:33 +0300"
NYT: заговорщики в ФРГ планировали убийство канцлера Шольца во время переворота,Политика,https://www.vedomosti.ru/politics/news/2022/12/14/955262-zagovorschiki-planirovali-ubiistvo,"Wed, 14 Dec 2022 14:47:16 +0300"
Эрдоган оценил влияние конфликта на Украине на миропорядок,Политика,https://www.vedomosti.ru/politics/news/2022/12/14/955250-erdogan-otsenil-vliyanie,"Wed, 14 Dec 2022 14:41:14 +0300"
В Испании задержали еще одного подозреваемого по «делу Магнитского»,Общество,https://www.vedomosti.ru/society/news/2022/12/14/955237-v-ispanii-arestovali-esche-odnogo-podozrevaemogo-po-delu-magnitskogo,"Wed, 14 Dec 2022 14:34:28 +0300"
МЭА сообщило о росте экспорта нефти и нефтепродуктов из России,Экономика,https://www.vedomosti.ru/economics/news/2022/12/14/955254-mea-soobschilo-o-roste-eksporta,"Wed, 14 Dec 2022 14:27:12 +0300"
В Кремле сочли комплексы Patriot законной целью ВС РФ при их появлении на Украине,Политика,https://www.vedomosti.ru/politics/news/2022/12/14/955248-v-kremle-sochli-patriot-tselyu,"Wed, 14 Dec 2022 14:16:34 +0300"
Песков прокомментировал возможность присоединения Чернигова и Одессы,Политика,https://www.vedomosti.ru/politics/news/2022/12/14/955249-peskov-prokommentiroval,"Wed, 14 Dec 2022 14:09:49 +0300"
Совфед назначил нового председателя апелляционной инстанции Верховного суда,Общество,https://www.vedomosti.ru/society/news/2022/12/14/955241-sovfed-naznachil-novogo-predsedatelya-apellyatsionnoi-instantsii,"Wed, 14 Dec 2022 13:56:21 +0300"
В Кремле прокомментировали возможность новогоднего перемирия на Украине,Политика,https://www.vedomosti.ru/politics/news/2022/12/14/955240-v-kremle-prokommentirovali-vozmozhnost-novogodnego-peremiriya,"Wed, 14 Dec 2022 13:43:56 +0300"
"«Профи»: больше всего специалисты не любят, когда у них «стоят над душой»",Общество,https://www.vedomosti.ru/society/news/2022/12/14/955238-bolshe-vsego-spetsialisti-ne-lyubyat,"Wed, 14 Dec 2022 13:43:07 +0300"
Совфед одобрил закон о запрете услуг суррогатных матерей для иностранцев,Общество,https://www.vedomosti.ru/society/news/2022/12/14/955234-sovfed-odobril-zakon-o-zaprete-uslug-surrogatnih-materei,"Wed, 14 Dec 2022 13:26:07 +0300"
В Кремле подтвердили встречу Путина с главами новых регионов,Политика,https://www.vedomosti.ru/politics/news/2022/12/14/955233-vstrechu-putina,"Wed, 14 Dec 2022 13:19:50 +0300"
Песков прокомментировал данные о переносе послания Путина на следующий год,Политика,https://www.vedomosti.ru/politics/news/2022/12/14/955232-peskov-prokommentiroval-dannie-o-perenose-poslaniya-putina,"Wed, 14 Dec 2022 13:17:54 +0300"
«Соллерс» начала продавать авто под своим брендом,Авто,https://www.vedomosti.ru/auto/news/2022/12/14/955231-nachalis-prodazhi-sollers,"Wed, 14 Dec 2022 13:15:37 +0300"
Боррель: инициатива о трибунале по Украине не нашла единой поддержки в ЕС,Политика,https://www.vedomosti.ru/politics/news/2022/12/14/955225-borrel-initsiativa-po-tribunalu-po-ukraine-ne-nashla-edinoi,"Wed, 14 Dec 2022 13:08:00 +0300"
Эрдоган призвал начать работу по поставкам газа из Туркмении в Европу,Экономика,https://www.vedomosti.ru/economics/news/2022/12/14/955221-erdogan-prizval-nachat-rabotu-po-postavkam-gaza,"Wed, 14 Dec 2022 12:53:43 +0300"
В Роспотребнадзоре сообщили о завершении массовой вакцинации от гриппа,Общество,https://www.vedomosti.ru/society/news/2022/12/14/955223-popova-vaktsinatsii-grippa,"Wed, 14 Dec 2022 12:46:27 +0300"
«Сбербанк» допустит физлиц к сделкам с ЦФА в 2023 году,Финансы,https://www.vedomosti.ru/finance/news/2022/12/14/955218-sberbank-dopustit-fizlits-k-sdelkam-s-tsfa,"Wed, 14 Dec 2022 12:34:00 +0300"
В ДНР сообщили о гибели четырех человек из-за обстрелов ВСУ,Общество,https://www.vedomosti.ru/society/news/2022/12/14/955212-v-dnr-soobschili-o-gibeli-chetireh-chelovek,"Wed, 14 Dec 2022 12:30:26 +0300"
Минобороны сформировало творческие бригады для поддержки участников спецоперации,Политика,https://www.vedomosti.ru/politics/news/2022/12/14/955214-minoboroni-tvorcheskie-brigadi,"Wed, 14 Dec 2022 12:29:08 +0300"
Российские стратегические ракетоносцы выполнили патрулирование над Японским морем,Общество,https://www.vedomosti.ru/society/news/2022/12/14/955211-rossiiskie-strategicheskie-raketonostsi-vipolnili-patrulirovanie,"Wed, 14 Dec 2022 12:18:32 +0300"
WBA восстановила российских и белорусских боксеров в рейтинге,Общество,https://www.vedomosti.ru/society/news/2022/12/14/955207-wba-vosstanovila-rossiiskih-i-belorusskih-bokserov,"Wed, 14 Dec 2022 12:12:17 +0300"
«Яндекс Путешествия»: число зимних поездок достигло допандемийного уровня,Общество,https://www.vedomosti.ru/society/news/2022/12/14/955194-yandeks-puteshestviya-chislo-zimnih-poezdok-rossiyan,"Wed, 14 Dec 2022 12:00:19 +0300"
"Торгпред России заявил, что власти Финляндии недооценили влияние санкций",Политика,https://www.vedomosti.ru/politics/news/2022/12/14/955203-torgpred-vliyanie-sanktsii,"Wed, 14 Dec 2022 11:56:16 +0300"
Оперативники задержали причастных к гибели полицейских в Херсонской области,Политика,https://www.vedomosti.ru/politics/news/2022/12/14/955201-operativniki-zaderzhali-prichastnih-k-gibeli-politseiskih,"Wed, 14 Dec 2022 11:50:43 +0300"
Швейцарская Holcim передаст активы российскому менеджменту,Бизнес,https://www.vedomosti.ru/business/news/2022/12/14/955199-holcim-peredast-aktivi-rossiiskomu-menedzhmentu,"Wed, 14 Dec 2022 11:42:09 +0300"
Премьер Белоруссии призвал активизировать процесс вступления республики в ШОС,Политика,https://www.vedomosti.ru/politics/news/2022/12/14/955188-premer-belorussii-prizval-aktivizirovat-vstupleniya-v-shos,"Wed, 14 Dec 2022 11:14:37 +0300"
Совфед одобрил поправки в закон о Счетной палате,Политика,https://www.vedomosti.ru/politics/news/2022/12/14/955191-sovfed-odobril-schetnoi-palate,"Wed, 14 Dec 2022 11:12:02 +0300"
В Казахстане начали расследование в отношении «Яндекс.Такси»,Бизнес,https://www.vedomosti.ru/business/news/2022/12/14/955171-v-kazahstane-nachali-rassledovanie-v-otnoshenii-yandekstaksi,"Wed, 14 Dec 2022 11:03:30 +0300"
В Народной милиции ЛНР предупредили о возможных диверсиях ВСУ в Сватове,Политика,https://www.vedomosti.ru/politics/news/2022/12/14/955185-v-narodnoi-militsii-lnr-predupredili-o-diversiyah,"Wed, 14 Dec 2022 11:00:25 +0300"
Минцифры подготовило законопроект об оборотных штрафах за утечку персональных данных,Технологии,https://www.vedomosti.ru/technology/news/2022/12/14/955186-mintsifri-oborotnih-shtrafah,"Wed, 14 Dec 2022 10:57:46 +0300"
"Whoosh привлек 2,1 млрд рублей в ходе IPO",Бизнес,https://www.vedomosti.ru/business/news/2022/12/14/955175-whoosh-privlek-21-mlrd-rublei,"Wed, 14 Dec 2022 10:45:41 +0300"
ТАСС: послание Путина Федеральному собранию может состояться в следующем году,Политика,https://www.vedomosti.ru/politics/news/2022/12/14/955176-tass-poslanie-putina-federalnomu-sobraniyu,"Wed, 14 Dec 2022 10:33:31 +0300"
В Турции с нового года введут налог на проживание для туристов,Общество,https://www.vedomosti.ru/society/news/2022/12/14/955170-v-turtsii-s-novogo-goda-vvedut-nalog-na-prozhivanie,"Wed, 14 Dec 2022 10:23:25 +0300"
Венесуэла с 31 декабря отменит ПЦР-тестирование для приезжающих,Общество,https://www.vedomosti.ru/society/news/2022/12/14/955172-venesuela-31-dekabrya,"Wed, 14 Dec 2022 10:21:41 +0300"
В Курской области без света остались 35 000 человек из-за непогоды,Общество,https://www.vedomosti.ru/society/news/2022/12/14/955168-v-kurskoi-oblasti-bez-sveta-ostalis-35-000,"Wed, 14 Dec 2022 10:13:48 +0300"
Пушилин заявил о необходимости освобождения Чернигова и Одессы,Политика,https://www.vedomosti.ru/politics/news/2022/12/14/955166-pushilin-chernigova-odessi,"Wed, 14 Dec 2022 09:54:13 +0300"
Восемь человек пострадали в ДТП с автобусом и военным тягачом под Воронежем,Общество,https://www.vedomosti.ru/society/news/2022/12/14/955164-vosem-chelovek-postradali-v-dtp-pod-voronezhem,"Wed, 14 Dec 2022 09:51:11 +0300"
СК задержал третьего подозреваемого по делу о пожаре в ТЦ «Мега Химки»,Общество,https://www.vedomosti.ru/society/news/2022/12/14/955163-sk-zaderzhal-tretego-podozrevaemogo,"Wed, 14 Dec 2022 09:34:18 +0300"
В аэропортах Москвы вновь задержаны или отменены десятки авиарейсов,Общество,https://www.vedomosti.ru/society/news/2022/12/14/955162-v-aeroportah-moskvi-vnov-zaderzhani-ili-otmeneni,"Wed, 14 Dec 2022 09:24:36 +0300"
ФАС получила ходатайство «Татнефти» о покупке Nokian Tyres,Бизнес,https://www.vedomosti.ru/business/news/2022/12/14/955161-fas-hodataistvo-tatnefti,"Wed, 14 Dec 2022 09:19:17 +0300"
Мэр Киева сообщил о взрывах в городе,Политика,https://www.vedomosti.ru/politics/news/2022/12/14/955160-mer-kieva,"Wed, 14 Dec 2022 09:02:00 +0300"
Кабмин может создать проект для поддержки разработчиков видеоигр,Технологии,https://www.vedomosti.ru/media/news/2022/12/14/955158-kommersant-podderzhki-razrabotchikov-videoigr,"Wed, 14 Dec 2022 08:41:40 +0300"
В США пяти россиянам грозит до 30 лет тюрьмы по обвинению в тайных закупках электроники,Общество,https://www.vedomosti.ru/society/news/2022/12/14/955157-ssha-pyati-rossiyanam,"Wed, 14 Dec 2022 08:16:26 +0300"
«Коммерсантъ» узнал о возможной покупке банком «Тинькофф» финтех-проекта «Точка»,Бизнес,https://www.vedomosti.ru/business/news/2022/12/14/955156-kommersant-tinkoff-tochka,"Wed, 14 Dec 2022 07:46:26 +0300"
"Пушилин оценил нанесенный Украиной ущерб в 1,3 трлн рублей",Политика,https://www.vedomosti.ru/politics/news/2022/12/14/955155-pushilin-uscherb,"Wed, 14 Dec 2022 07:20:42 +0300"
Лавров поздравил Алейника с назначением на пост главы МИД Белоруссии,Политика,https://www.vedomosti.ru/politics/news/2022/12/13/955143-lavrov-pozdravil-aleinika,"Tue, 13 Dec 2022 22:47:15 +0300"
Венгрия и Россия обсудили возможность внесения изменений в контракты по газу,Бизнес,https://www.vedomosti.ru/business/news/2022/12/13/955133-vengriya-i-rossiya-obsudili,"Tue, 13 Dec 2022 22:20:17 +0300"
Мишустин призвал принять меры для удержания молодых специалистов в России,Общество,https://www.vedomosti.ru/society/news/2022/12/13/955132-mishustin-prizval-prinyat-meri,"Tue, 13 Dec 2022 21:46:40 +0300"
В ООН обеспокоены роспуском совета доверия и безопасности Twitter,Медиа,https://www.vedomosti.ru/media/news/2022/12/13/955123-v-oon-obespokoeni,"Tue, 13 Dec 2022 21:23:01 +0300"
В Петербурге введут масочный режим в соцучреждениях на фоне осложнения эпидситуации,Общество,https://www.vedomosti.ru/society/news/2022/12/13/955124-v-peterburge-masochnii,"Tue, 13 Dec 2022 21:12:49 +0300"
Гросси: МАГАТЭ и Киев достигли прогресса на переговорах по Запорожской АЭС,Политика,https://www.vedomosti.ru/politics/news/2022/12/13/955122-magate-i-kiev-dostigli-progressa,"Tue, 13 Dec 2022 20:56:29 +0300"
Azur Air запустила прямые рейсы из Петербурга в Таиланд впервые с 2020 года,Бизнес,https://www.vedomosti.ru/business/news/2022/12/13/955120-azur-air-zapustila,"Tue, 13 Dec 2022 20:34:59 +0300"
Sky News: жительница Херсона пожаловалась на ухудшение жизни после ухода ВС РФ,Общество,https://www.vedomosti.ru/society/news/2022/12/13/955113-zhitelnitsa-hersona-pozhalovalas,"Tue, 13 Dec 2022 20:21:21 +0300"
Минобороны сообщило о переговорах с Азербайджаном по Лачинскому коридору,Политика,https://www.vedomosti.ru/politics/news/2022/12/13/955115-minoboroni-soobschilo-o-peregovorah,"Tue, 13 Dec 2022 20:10:26 +0300"
"Путин заявил, что Россия никому не позволит очернить своих героев",Политика,https://www.vedomosti.ru/politics/news/2022/12/13/955112-putin-zayavil-chto-rossiya-ne-pozvolit,"Tue, 13 Dec 2022 19:45:50 +0300"
Министры энергетики стран ЕС не договорились о предельной цене на газ,Политика,https://www.vedomosti.ru/politics/news/2022/12/13/955111-ministri-es-ne-dogovorilis,"Tue, 13 Dec 2022 19:32:30 +0300"
ТАСС: замглавы Херсонской области Губарева находится под домашним арестом,Политика,https://www.vedomosti.ru/politics/news/2022/12/13/955106-gubareva-pod-arestom,"Tue, 13 Dec 2022 19:26:13 +0300"
"Рябков оценил консультации с США в Стамбуле как полезные, но трудные",Политика,https://www.vedomosti.ru/politics/news/2022/12/13/955107-ryabkov-otsenil-konsultatsii,"Tue, 13 Dec 2022 19:13:54 +0300"
Кириенко: более 150 активистов ОНФ поехали добровольцами в зону СВО,Общество,https://www.vedomosti.ru/society/news/2022/12/13/955099-bolee-150-aktivistov-dobrovoltsami,"Tue, 13 Dec 2022 18:49:49 +0300"
В Москве 13-14 декабря может выпасть до четверти месячной нормы осадков,Общество,https://www.vedomosti.ru/society/news/2022/12/13/955103-v-moskve-mozhet-vipast,"Tue, 13 Dec 2022 18:41:21 +0300"
Курс евро поднялся выше 67 рублей впервые с мая,Финансы,https://www.vedomosti.ru/finance/news/2022/12/13/955100-kurs-evro-podnyalsya,"Tue, 13 Dec 2022 18:29:40 +0300"
"Инфляция в США в ноябре замедлилась до 7,1%",Экономика,https://www.vedomosti.ru/economics/news/2022/12/13/955096-inflyatsiya-v-ssha,"Tue, 13 Dec 2022 18:14:54 +0300"
"Le Soir: в Европарламенте изъяли более 1,5 млн евро по делу о коррупции",Политика,https://www.vedomosti.ru/politics/news/2022/12/13/955097-evroparlamente-izyali-bolee-15-mln-evro,"Tue, 13 Dec 2022 18:13:16 +0300"
Захарова раскритиковала западные СМИ за молчание о крупнейшем разливе нефти в США,Политика,https://www.vedomosti.ru/politics/news/2022/12/13/955094-zaharova-raskritikovala-zapadnie-smi,"Tue, 13 Dec 2022 18:02:45 +0300"
Китай и Индия отвели войска из приграничного района после столкновения,Политика,https://www.vedomosti.ru/politics/news/2022/12/13/955089-kitai-i-indiya-otveli-voiska,"Tue, 13 Dec 2022 17:44:32 +0300"
Минэк опроверг исключение яблок и говядины из списка социально значимых товаров,Экономика,https://www.vedomosti.ru/economics/news/2022/12/13/955090-minek-oproverg-isklyuchenie,"Tue, 13 Dec 2022 17:38:04 +0300"
Госдума приняла в первом чтении законопроект о защите русского языка,Общество,https://www.vedomosti.ru/society/news/2022/12/13/955088-gosduma-zakonoproekt-zaschite-russkogo-yazika,"Tue, 13 Dec 2022 17:29:44 +0300"
В Роскомнадзоре не видят оснований для снятия блокировки Twitter в России,Медиа,https://www.vedomosti.ru/media/news/2022/12/13/955081-v-roskomnadzore-ne-vidyat-osnovanii,"Tue, 13 Dec 2022 17:17:08 +0300"
Жена Бута назвала фейковым якобы принадлежащий ее мужу Telegram-канал,Медиа,https://www.vedomosti.ru/media/news/2022/12/13/955085-buta-feikovim-telegram-kanal,"Tue, 13 Dec 2022 17:06:26 +0300"
Путин назначил Гурова председателем правления движения детей и молодежи,Политика,https://www.vedomosti.ru/politics/news/2022/12/13/955084-putin-naznachil-gurova,"Tue, 13 Dec 2022 17:02:28 +0300"
Минобороны сообщило об ударе по скоплениям ВСУ и наемников на Купянском направлении,Политика,https://www.vedomosti.ru/politics/news/2022/12/13/955083-minoboroni-soobschilo-ob-udare,"Tue, 13 Dec 2022 16:52:36 +0300"
Новый анимационный фильм Хаяо Миядзаки выйдет летом 2023 года,Медиа,https://www.vedomosti.ru/media/news/2022/12/13/955079-novii-film,"Tue, 13 Dec 2022 16:31:43 +0300"
МИД: Россия примет участие в форуме АТЭС при получении приглашения от США,Политика,https://www.vedomosti.ru/politics/news/2022/12/13/955078-rossiya-primet-uchastie,"Tue, 13 Dec 2022 16:21:13 +0300"
В МИДе назвали недопониманием сообщения об отказе премьера Индии приехать в РФ,Политика,https://www.vedomosti.ru/politics/news/2022/12/13/955064-v-mide-nazvali-nedoponimaniem,"Tue, 13 Dec 2022 16:14:19 +0300"
Основателю криптобиржи FTX предъявили обвинение в мошенничестве,Финансы,https://www.vedomosti.ru/finance/news/2022/12/13/955069-osnovatelyu-kriptobirzhi-ftx,"Tue, 13 Dec 2022 16:06:58 +0300"
Мишустин заявил о продолжении адаптации российской экономики к санкциям,Экономика,https://www.vedomosti.ru/economics/news/2022/12/13/955067-mishustin-adaptatsiya-rossiiskoi-ekonomiki-prodolzhaetsya,"Tue, 13 Dec 2022 15:48:43 +0300"
Трассу М-12 продлят до Тюмени до конца 2024 года,Общество,https://www.vedomosti.ru/society/news/2022/12/13/955068-trassu-m-12-prodlyat-do-tyumeni,"Tue, 13 Dec 2022 15:44:36 +0300"
Генпрокуратура вступила в дело о банкротстве нефтяной компании Хотина «Дулисьма»,Бизнес,https://www.vedomosti.ru/society/news/2022/12/13/955065-genprokuratura-dulisma,"Tue, 13 Dec 2022 15:39:29 +0300"
Госдума приняла закон об упрощенном подтверждении нулевого НДС,Экономика,https://www.vedomosti.ru/business/news/2022/12/13/955057-gosduma-uproschennom-nulevogo-nds,"Tue, 13 Dec 2022 15:33:26 +0300"
Роскомнадзор ограничил доступ к сайту журнала L'Officiel,Медиа,https://www.vedomosti.ru/media/news/2022/12/13/955061-roskomnadzor-ogranichil-dostup-k-lofficiel,"Tue, 13 Dec 2022 15:15:17 +0300"
Британия ввела санкции против 12 российских военачальников,Политика,https://www.vedomosti.ru/politics/news/2022/12/13/955059-britaniya-vvela-sanktsii-protiv-rossiiskih-voenachalnikov,"Tue, 13 Dec 2022 15:05:25 +0300"
Медведев обвинил Зеленского в намерении создать живой щит из миссии ЕС,Политика,https://www.vedomosti.ru/politics/news/2022/12/13/955056-medvedev-obvinil-zelenskogo,"Tue, 13 Dec 2022 14:48:42 +0300"
Лукашенко назначил нового главу МИДа,Политика,https://www.vedomosti.ru/politics/news/2022/12/13/955055-novim-glavoi-mid-belorussii,"Tue, 13 Dec 2022 14:37:16 +0300"
Госдума приняла закон о запрете на работу в сфере авиаперевозок для экстремистов,Общество,https://www.vedomosti.ru/society/news/2022/12/13/955052-gosduma-prinyala-zakon-o-zaprete,"Tue, 13 Dec 2022 14:25:31 +0300"
Кремль: о выводе войск с Украины до конца года не может быть и речи,Политика,https://www.vedomosti.ru/politics/news/2022/12/13/955053-o-vivode-voisk,"Tue, 13 Dec 2022 14:24:02 +0300"
Догузова вошла в обновленный состав экспертного совета при правительстве,Общество,https://www.vedomosti.ru/society/news/2022/12/13/955050-doguzova-voshla-v-sostav,"Tue, 13 Dec 2022 14:07:33 +0300"
В Москве началось голосование за русское название сервиса Face Pay,Технологии,https://www.vedomosti.ru/technology/news/2022/12/13/955046-v-moskve-nachalos-golosovanie-za-russkoe-nazvanie,"Tue, 13 Dec 2022 13:52:50 +0300"
Песков назвал «телеграмными утками» сообщения об отставке главы Генштаба,Политика,https://www.vedomosti.ru/politics/news/2022/12/13/955043-peskov-telegramnimi-utkami,"Tue, 13 Dec 2022 13:36:08 +0300"
Песков прокомментировал заявление Зеленского о «трех шагах» к наступлению мира,Политика,https://www.vedomosti.ru/politics/news/2022/12/13/955040-peskov-prokommentiroval-zayavlenie-zelenskogo-shagah-k-nastupleniyu-mira,"Tue, 13 Dec 2022 13:31:24 +0300"
Калужский завод «Кристалл» пожаловался в ФАС на производителя биттера Jägermeister,Бизнес,https://www.vedomosti.ru/business/news/2022/12/13/955042-kaluzhskii-zavod-kristall-pozhalovalsya-v-fas-na-jgermeister,"Tue, 13 Dec 2022 13:30:38 +0300"
Госдума приняла поправки в закон о Счетной палате,Общество,https://www.vedomosti.ru/society/news/2022/12/13/955041-gosduma-prinyala-popravki-v-zakon-o-schetnoi-palate,"Tue, 13 Dec 2022 13:26:01 +0300"
В Кремле опровергли данные о послании Путина Федеральному собранию в декабре,Политика,https://www.vedomosti.ru/politics/news/2022/12/13/955039-kremle-oprovergli-poslanii-putina,"Tue, 13 Dec 2022 13:25:01 +0300"
"Бут заявил, что займется возвращением в Россию осужденного в США Никулина",Политика,https://www.vedomosti.ru/politics/news/2022/12/13/955037-but-nikulina,"Tue, 13 Dec 2022 13:13:46 +0300"
«Росатом» подал заявку на участие в конкурсе на строительство АЭС в Саудовской Аравии,Бизнес,https://www.vedomosti.ru/business/news/2022/12/13/955038-rosatom-podal-zayavku-na-uchastie-v-konkurse-v-saudovskoi-aravii,"Tue, 13 Dec 2022 13:12:22 +0300"
Пушилин назвал удары по энергообъектам Украины приближающими поражение Киева,Политика,https://www.vedomosti.ru/politics/news/2022/12/13/955036-pushilin-nazval-udari-po-energoobektam-ukraini,"Tue, 13 Dec 2022 13:08:39 +0300"
В НАК сообщили о задержании 400 украинских националистов при попытке пересечь границу,Политика,https://www.vedomosti.ru/politics/news/2022/12/13/955025-v-nak-soobschili-o-zaderzhanii-400-ukrainskih-natsionalistov,"Tue, 13 Dec 2022 12:31:00 +0300"
В Совфеде рекомендовали не ждать назначения главы Счетной палаты в 2022 году,Общество,https://www.vedomosti.ru/society/news/2022/12/13/955021-v-sovfede-rekomendovali-ne-zhdat-naznacheniya-glavi-schetnoi-palati,"Tue, 13 Dec 2022 12:22:36 +0300"
"В Белом доме сообщили, что Бут не числится в террористическом списке США",Политика,https://www.vedomosti.ru/politics/news/2022/12/13/955018-belom-dome-but,"Tue, 13 Dec 2022 12:08:08 +0300"
«РИА Новости» узнали возможную дату послания Путина Федеральному собранию,Политика,https://www.vedomosti.ru/politics/news/2022/12/13/955012-poslanie-putina-federalnomu-sobraniyu-mozhet-sostoyatsya-27-dekabrya,"Tue, 13 Dec 2022 11:59:32 +0300"
Свиной грипп обнаружили в 82 регионах России,Общество,https://www.vedomosti.ru/society/news/2022/12/13/955011-svinoi-gripp-obnaruzhili-v-82-regionah,"Tue, 13 Dec 2022 11:47:08 +0300"
Министр обороны Индии подтвердил столкновение c китайскими военными,Политика,https://www.vedomosti.ru/politics/news/2022/12/13/955010-ministr-oboroni-indii-stolknovenie,"Tue, 13 Dec 2022 11:45:26 +0300"
Говядину и яблоки предложили исключить из числа соцпродуктов,Общество,https://www.vedomosti.ru/society/news/2022/12/13/955007-govyadinu-yabloki-predlozhili-isklyuchit-iz-chisla-sotsproduktov,"Tue, 13 Dec 2022 11:29:06 +0300"
Путин поручил рассмотреть введение курса по истории религий в вузах,Общество,https://www.vedomosti.ru/society/news/2022/12/13/955006-putin-poruchil-izuchit-vopros-o-vvedenii-kursa-po-istorii,"Tue, 13 Dec 2022 11:26:47 +0300"
Путин поручил начать работу по популяризации у молодежи научных знаний о России,Общество,https://www.vedomosti.ru/society/news/2022/12/13/955003-putin-poruchil-nachat-rabotu-po-populyarizatsii-nauchnih-znanii,"Tue, 13 Dec 2022 11:12:59 +0300"
"ФСБ задержала жителя Хакасии, пытавшегося вступить в ВСУ",Политика,https://www.vedomosti.ru/politics/news/2022/12/13/955004-fsb-zaderzhala,"Tue, 13 Dec 2022 11:12:29 +0300"
В Белоруссии началась внезапная проверка боевой готовности армии,Политика,https://www.vedomosti.ru/politics/news/2022/12/13/954999-belorussii-proverka-boevoi-gotovnosti,"Tue, 13 Dec 2022 11:00:10 +0300"
РБК узнал о планах ФСИН внедрить «глушилки» сотовой связи в тюрьмах,Технологии,https://www.vedomosti.ru/technology/news/2022/12/13/954993-fsin-glushilki,"Tue, 13 Dec 2022 10:46:02 +0300"
Бывший вице-канцлер Австрии назвал слова Меркель о минских соглашениях «пугающими»,Политика,https://www.vedomosti.ru/politics/news/2022/12/13/954991-slova-merkel-pugayuschimi,"Tue, 13 Dec 2022 10:15:11 +0300"
В Брянской области сообщили об обстреле города Клинцы,Общество,https://www.vedomosti.ru/society/news/2022/12/13/954990-v-bryanskoi-oblasti-soobschili-ob-obstrele-klintsi,"Tue, 13 Dec 2022 10:13:11 +0300"
«Вкусно — и точка» может появиться в Абхазии в 2023 году,Бизнес,https://www.vedomosti.ru/business/news/2022/12/13/954986-vkusno-i-tochka-mozhet-poyavitsya-v-abhazii,"Tue, 13 Dec 2022 10:04:19 +0300"
Минобороны Тайваня сообщило о приближении к острову 29 самолетов армии Китая,Политика,https://www.vedomosti.ru/politics/news/2022/12/13/954980-taivanya-29-samoletov-kitaya,"Tue, 13 Dec 2022 09:52:01 +0300"
Владелец «Стокманна» закрыл сделку по покупке онлайн-ритейлера Lamoda,Бизнес,https://www.vedomosti.ru/business/news/2022/12/13/954979-vladelets-stokmanna-zakril-sdelku-po-pokupke-lamoda,"Tue, 13 Dec 2022 09:43:08 +0300"
Володин анонсировал изменения в закон об образовании,Общество,https://www.vedomosti.ru/society/news/2022/12/13/954978-volodin-obrazovanii,"Tue, 13 Dec 2022 09:29:26 +0300"
Росавиация продлила режим ограничения полетов до 21 декабря,Общество,https://www.vedomosti.ru/society/news/2022/12/13/954977-rosaviatsiya-prodlila-rezhim-ogranicheniya-poletov,"Tue, 13 Dec 2022 09:16:00 +0300"
В Петербурге загорелось здание на заводе «Звезда»,Общество,https://www.vedomosti.ru/society/news/2022/12/13/954972-v-peterburge-zagorelos-zdanie-na-zavode-zvezda,"Tue, 13 Dec 2022 09:02:27 +0300"
«Известия»: в квитанции на оплату ЖКУ могут включить установку «умных» счетчиков,Общество,https://www.vedomosti.ru/society/news/2022/12/13/954971-izvestiya-v-kvitantsii-na-oplatu-zhku-mogut-vklyuchit-ustanovku,"Tue, 13 Dec 2022 08:56:52 +0300"
«Коммерсантъ»: в Китае запретили экспорт процессоров Loongson в Россию,Бизнес,https://www.vedomosti.ru/business/news/2022/12/13/954969-kommersant-v-kitae-zapretili-eksport-protsessorov-loongson,"Tue, 13 Dec 2022 08:22:20 +0300"
Основателя криптобиржи FTX арестовали на Багамах,Общество,https://www.vedomosti.ru/society/news/2022/12/13/954968-osnovatelya-kriptobirzhi-ftx-arestovali,"Tue, 13 Dec 2022 07:59:32 +0300"
«Коммерсантъ» узнал о планах Fix Price выйти в ОАЭ,Бизнес,https://www.vedomosti.ru/business/news/2022/12/13/954967-kommersant-uznal-o-planah-fix-price,"Tue, 13 Dec 2022 07:28:52 +0300"
В Турции заявили об обнаружении месторождения нефти на $12 млрд,Экономика,https://www.vedomosti.ru/economics/news/2022/12/12/954951-v-turtsii-zayavili-ob-obnaruzhenii,"Mon, 12 Dec 2022 22:42:08 +0300"
Правоохранители задержали сварщика по делу о пожаре в ТЦ «Мега Химки»,Общество,https://www.vedomosti.ru/society/news/2022/12/12/954950-pravoohraniteli-zaderzhali-svarschika,"Mon, 12 Dec 2022 22:12:42 +0300"
В результате обстрела Донецка погибло два человека,Общество,https://www.vedomosti.ru/society/news/2022/12/12/954949-v-rezultate-obstrela-donetska,"Mon, 12 Dec 2022 21:52:25 +0300"
Кадыров: Россия планомерно отодвигает линию фронта в зоне СВО,Политика,https://www.vedomosti.ru/politics/news/2022/12/12/954947-rossiya-planomerno-otodvigaet,"Mon, 12 Dec 2022 21:50:24 +0300"
Боррель надеется на согласование девятого пакета санкций против РФ на этой неделе,Политика,https://www.vedomosti.ru/politics/news/2022/12/12/954943-borrel-nadeetsya-na-soglasovanie,"Mon, 12 Dec 2022 21:22:09 +0300"
Вице-губернатор Херсонской области ранен при подрыве автомобиля,Политика,https://www.vedomosti.ru/politics/news/2022/12/12/954939-vitse-gubernator-hersonskoi-ranen,"Mon, 12 Dec 2022 21:00:44 +0300"
Путин поручил увеличить зарплаты бюджетников в начале следующего года,Экономика,https://www.vedomosti.ru/economics/news/2022/12/12/954940-putin-poruchil-uvelichit-zarplati,"Mon, 12 Dec 2022 20:53:09 +0300"
В аэропортах Москвы задержаны или отменены более 50 авиарейсов,Общество,https://www.vedomosti.ru/society/news/2022/12/12/954937-v-aeroportah-moskvi-zaderzhani,"Mon, 12 Dec 2022 20:29:49 +0300"
В Севастополе продлили «желтый» уровень террористической опасности до 27 декабря,Общество,https://www.vedomosti.ru/society/news/2022/12/12/954934-v-sevastopole-prodlili-zheltii,"Mon, 12 Dec 2022 20:15:50 +0300"
Китай подал иск в ВТО против США из-за экспортных ограничений на чипы,Технологии,https://www.vedomosti.ru/technology/news/2022/12/12/954932-kitai-podal-isk,"Mon, 12 Dec 2022 19:58:38 +0300"
МИД Венгрии: девятый пакет санкций не будет затрагивать сферу ядерной энергетики,Политика,https://www.vedomosti.ru/politics/news/2022/12/12/954928-devyatii-paket-sanktsii,"Mon, 12 Dec 2022 19:49:30 +0300"
Банк «Уралсиб» объявил о закрытии сделки с Ситибанком,Бизнес,https://www.vedomosti.ru/business/news/2022/12/12/954922-uralsib-obyavil-o-zakritii,"Mon, 12 Dec 2022 19:27:32 +0300"
Российский МиГ-31 сопроводил норвежский самолет над Баренцевым морем,Политика,https://www.vedomosti.ru/politics/news/2022/12/12/954925-mig-31-soprovodil-norvezhskii,"Mon, 12 Dec 2022 19:15:24 +0300"
TUC: британцы столкнулись с максимальным с 1977 года падением реальных доходов,Экономика,https://www.vedomosti.ru/economics/news/2022/12/12/954920-britantsi-stolknulis-s-padeniem,"Mon, 12 Dec 2022 18:54:57 +0300"
«Автодом» планирует закрыть сделку по покупке завода Mercedes за месяц,Авто,https://www.vedomosti.ru/auto/news/2022/12/12/954911-avtodom-planiruet-zakrit,"Mon, 12 Dec 2022 18:41:36 +0300"
В Гималаях произошло столкновение между войсками Китая и Индии,Политика,https://www.vedomosti.ru/politics/news/2022/12/12/954917-gimalayah-stolknovenie,"Mon, 12 Dec 2022 18:24:35 +0300"
МИД: Москва встревожена новым обострением обстановки в Косово,Политика,https://www.vedomosti.ru/politics/news/2022/12/12/954918-moskva-vstrevozhena-obostreniem,"Mon, 12 Dec 2022 18:20:33 +0300"
Захарова: Ватикан так и не извинился за слова папы римского о чеченцах и бурятах,Политика,https://www.vedomosti.ru/politics/news/2022/12/12/954916-vatikan-tak-i-ne-izvinilsya,"Mon, 12 Dec 2022 18:13:08 +0300"
Сеть «Вкусно — и точка» планирует ежегодно открывать не менее 50 заведений,Бизнес,https://www.vedomosti.ru/business/news/2022/12/12/954910-set-vkusno-i-tochka-planiruet,"Mon, 12 Dec 2022 17:54:57 +0300"
Профицит федерального бюджета в январе - ноябре превысил 557 млрд рублей,Финансы,https://www.vedomosti.ru/finance/news/2022/12/12/954908-profitsit-byudzheta-previsil,"Mon, 12 Dec 2022 17:42:09 +0300"
«РИА Новости»: СБУ расстреляла 20 человек за сотрудничество с Россией,Общество,https://www.vedomosti.ru/society/news/2022/12/12/954894-sbu-rasstrelyala-20-chelovek,"Mon, 12 Dec 2022 17:21:38 +0300"
Суд приговорил депутата Хараидзе к 4 годам колонии по делу о мошенничестве,Общество,https://www.vedomosti.ru/society/news/2022/12/12/954898-deputata-haraidze,"Mon, 12 Dec 2022 17:07:27 +0300"
В ЕК оценили уровень заполненности газохранилищ ЕС в более чем 90%,Экономика,https://www.vedomosti.ru/economics/news/2022/12/12/954897-v-ek-otsenili-uroven-zapolnennosti,"Mon, 12 Dec 2022 17:04:41 +0300"
EUobserver: под новые санкции ЕС могут попасть около 150 граждан России,Политика,https://www.vedomosti.ru/politics/news/2022/12/12/954893-pod-novie-sanktsii,"Mon, 12 Dec 2022 16:58:24 +0300"
Генсек Совета Европы призвала Россию выполнять постановления ЕСПЧ,Политика,https://www.vedomosti.ru/politics/news/2022/12/12/954888-gensek-soveta,"Mon, 12 Dec 2022 16:44:14 +0300"
Суд в Москве оштрафовал «Образовательные технологии «Яндекса» на 60 000 рублей,Бизнес,https://www.vedomosti.ru/business/news/2022/12/12/954889-sud-oshtrafoval-yandeksa,"Mon, 12 Dec 2022 16:30:50 +0300"
В Кремле пообещали представить ответ на потолок цен на нефть в ближайшие дни,Политика,https://www.vedomosti.ru/politics/news/2022/12/12/954884-v-kremle-poobeschali-predstavit,"Mon, 12 Dec 2022 16:24:42 +0300"
Путин провел телефонный разговор с Пашиняном,Политика,https://www.vedomosti.ru/politics/news/2022/12/12/954886-putin-provel,"Mon, 12 Dec 2022 16:20:55 +0300"
Минобороны сообщило об уничтожении двух украинских самолетов и вертолетов в ДНР,Политика,https://www.vedomosti.ru/politics/news/2022/12/12/954874-minoboroni-soobschilo-ob-unichtozhenii,"Mon, 12 Dec 2022 16:02:43 +0300"
США поддержали участие российских спортсменов в Олимпиаде-2024 без флага,Политика,https://www.vedomosti.ru/politics/news/2022/12/12/954879-ssha-podderzhali-uchastie-rossiiskih,"Mon, 12 Dec 2022 16:00:27 +0300"
Посол России в Сербии: ситуация вокруг Косова находится «на последней черте»,Политика,https://www.vedomosti.ru/politics/news/2022/12/12/954867-posol-rossii-v-serbii-situatsiya-vokrug-kosova,"Mon, 12 Dec 2022 15:45:00 +0300"
В Севастополе опровергли работу ПВО,Политика,https://www.vedomosti.ru/politics/news/2022/12/12/954871-v-sevastopole-oprovergli-rabotu-pvo,"Mon, 12 Dec 2022 15:40:14 +0300"
Главы МИД ЕС не смогли утвердить девятый пакет санкций против России,Политика,https://www.vedomosti.ru/politics/news/2022/12/12/954868-glavi-mid-es-ne-smogli-utverdit-devyatii-paket-sanktsii,"Mon, 12 Dec 2022 15:30:22 +0300"
Григорий Лепс выплатил компенсацию пострадавшему в драке с ним петербуржцу,Общество,https://www.vedomosti.ru/society/news/2022/12/12/954862-grigorii-leps-viplatil-kompensatsiyu-poterpevshemu-posle,"Mon, 12 Dec 2022 15:27:41 +0300"
"Песков заявил, что Кремль не намерен быстро менять ядерную доктрину",Политика,https://www.vedomosti.ru/politics/news/2022/12/12/954864-kreml-ne-nameren-bistro-menyat-yadernuyu-doktrinu,"Mon, 12 Dec 2022 15:02:08 +0300"
Песков: США пока не приглашали Россию на форум АТЭС,Политика,https://www.vedomosti.ru/politics/news/2022/12/12/954861-ssha-poka-ne-priglashali-rossiyu-na-forum-ates,"Mon, 12 Dec 2022 15:00:56 +0300"
"Захарова после оговорки Борреля об Украине заявила, что «дальше будет хуже»",Политика,https://www.vedomosti.ru/politics/news/2022/12/12/954857-zaharova-borrelya,"Mon, 12 Dec 2022 14:46:18 +0300"
Большой пресс-конференции Путина в этом году не будет,Политика,https://www.vedomosti.ru/politics/news/2022/12/12/954853-bolshoi-press-konferentsii-ne-budet,"Mon, 12 Dec 2022 14:42:28 +0300"
В Курской области опровергли данные о планах ввести военное положение,Общество,https://www.vedomosti.ru/society/news/2022/12/12/954844-v-kurskoi-oblasti-oprovergli-o-planah-vvesti-voennoe-polozhenie,"Mon, 12 Dec 2022 14:36:15 +0300"
В Госдуме предложили запретить агрегаторы такси с иностранными владельцами,Бизнес,https://www.vedomosti.ru/business/news/2022/12/12/954852-v-gosdume-predlozhili-zapretit,"Mon, 12 Dec 2022 14:30:45 +0300"
"Во «Вкусно — и точка» заявили, что ищут возможности открытия в Абхазии",Бизнес,https://www.vedomosti.ru/business/news/2022/12/12/954838-vkusno-tochka-krimu,"Mon, 12 Dec 2022 14:22:58 +0300"
США намерены пригласить Россию на форум АТЭС в 2023 году,Политика,https://www.vedomosti.ru/politics/news/2022/12/12/954845-ssha-namereni-priglasit,"Mon, 12 Dec 2022 14:09:18 +0300"
«Цифровая экономика» разрабатывает хартию этики для сервисов размещения объявлений,Технологии,https://www.vedomosti.ru/technology/news/2022/12/12/954846-hartii-etiki-klassifaidov,"Mon, 12 Dec 2022 13:58:57 +0300"
«Вкусно — и точка» представит аналог «БигМака» в феврале,Бизнес,https://www.vedomosti.ru/business/news/2022/12/12/954842-vkusno-i-tochka-vipustit-analog-bigmaka,"Mon, 12 Dec 2022 13:52:54 +0300"
"Структура Романа Троценко купит «Ростагро» у «Траста» за 18,7 млрд рублей",Бизнес,https://www.vedomosti.ru/business/news/2022/12/12/954841-struktura-romana-trotsenko-kupit-rostagro,"Mon, 12 Dec 2022 13:37:41 +0300"
В Санкт-Петербурге открылся шоурум Aurus,Авто,https://www.vedomosti.ru/auto/news/2022/12/12/954828-v-sankt-peterburge-otkrilsya-shourum-aurus,"Mon, 12 Dec 2022 13:23:17 +0300"
«Мираторг» и «Вкусно — и точка» построят завод по производству картофеля фри,Бизнес,https://www.vedomosti.ru/business/news/2022/12/12/954837-miratorg-i-vkusno-i-tochka-postroyat-zavod,"Mon, 12 Dec 2022 13:19:40 +0300"
ГИБДД не будет наказывать водителей за следы ряда лекарств в организме,Общество,https://www.vedomosti.ru/society/news/2022/12/12/954829-gibdd-ne-budet-nakazivat-voditelei,"Mon, 12 Dec 2022 12:56:35 +0300"
Путин провел телефонный разговор с Алиевым по трехсторонним договоренностям,Политика,https://www.vedomosti.ru/politics/news/2022/12/12/954831-putin-alievim,"Mon, 12 Dec 2022 12:54:23 +0300"
В Госдуму внесли законопроект о возможности голосовать на выборах с 16 лет,Политика,https://www.vedomosti.ru/politics/news/2022/12/12/954822-v-gosdumu-vnesli-zakonoproekt-o-vozmozhnosti-golosovat-s-16,"Mon, 12 Dec 2022 12:33:15 +0300"
С начала года число безработных в Москве сократилось более чем на 20%,Общество,https://www.vedomosti.ru/society/news/2022/12/12/954805-s-nachala-goda-chislo-bezrabotnih-v-moskve-sokratilos,"Mon, 12 Dec 2022 12:24:49 +0300"
Суд в Петербурге оштрафовал Oxxxymiron на 45 000 рублей за дискредитацию армии,Общество,https://www.vedomosti.ru/society/news/2022/12/12/954818-oxxxymiron-diskreditatsiyu,"Mon, 12 Dec 2022 12:21:44 +0300"
СК возбудил уголовное дело после пожара в ТЦ «Стройпарк»,Общество,https://www.vedomosti.ru/society/news/2022/12/12/954809-sk-vozbudil-ugolovnoe-delo-posle-pozhara,"Mon, 12 Dec 2022 11:54:07 +0300"
В якутском Оймяконе температура воздуха опустилась до минус 59 градусов,Общество,https://www.vedomosti.ru/society/news/2022/12/12/954808-yakutskom-oimyakone-temperatura,"Mon, 12 Dec 2022 11:47:22 +0300"
"Правительство направит 3,3 млрд рублей на выплаты малоимущим семьям",Общество,https://www.vedomosti.ru/society/news/2022/12/12/954803-pravitelstvo-33-mlrd,"Mon, 12 Dec 2022 11:30:43 +0300"
В МИДе заявили о необходимости внести изменения в продуктовую сделку,Политика,https://www.vedomosti.ru/politics/news/2022/12/12/954791-v-mide-zayavili-o-neobhodimosti-vnesti-izmeneniya,"Mon, 12 Dec 2022 11:25:48 +0300"
"Боррель сообщил, что страны ЕС не смогли согласовать девятый пакет санкций против России",Политика,https://www.vedomosti.ru/politics/news/2022/12/12/954800-borrel-devyatii-paket-sanktsii,"Mon, 12 Dec 2022 11:14:15 +0300"
Глава Коми назвал экоактивистов «экологическим мусором»,Ценности,https://lenta.ru/news/2022/12/14/female-electrician/,"Wed, 14 Dec 2022 20:47:04 +0300"
Россиянка вошла в пятерку самых популярных порноактрис,Мир,https://lenta.ru/news/2022/12/14/usa_tribunal/,"Wed, 14 Dec 2022 20:46:55 +0300"
Два россиянина вошли в топ-20 лучших бойцов мира,Интернет и СМИ,https://lenta.ru/news/2022/12/14/udalenka/,"Wed, 14 Dec 2022 20:46:46 +0300"
В США предложили сэкономить на F-35,Среда обитания,https://lenta.ru/news/2022/12/14/eco_musor/,"Wed, 14 Dec 2022 20:43:45 +0300"
Назван самый стабильный вид недвижимости для инвестиций,Интернет и СМИ,https://lenta.ru/news/2022/12/14/pornhub/,"Wed, 14 Dec 2022 20:35:00 +0300"
«Невнимательный» поступок пассажира самолета вызвал массовый гнев у попутчиков,Спорт,https://lenta.ru/news/2022/12/14/makhachevnemkov/,"Wed, 14 Dec 2022 20:34:00 +0300"
Спрятавшего в подвале дома два миллиона рублей россиянина обокрал бездомный,Наука и техника,https://lenta.ru/news/2022/12/14/f135/,"Wed, 14 Dec 2022 20:31:00 +0300"
Сбер наградил лауреатов первой Научной премии,Среда обитания,https://lenta.ru/news/2022/12/14/investment_stabilno/,"Wed, 14 Dec 2022 20:30:00 +0300"
В Латвии утвердили новое правительство,Путешествия,https://lenta.ru/news/2022/12/14/yarost/,"Wed, 14 Dec 2022 20:28:00 +0300"
Турецкая оппозиция соберет митинг несогласных с приговором мэру Стамбула,Силовые структуры,https://lenta.ru/news/2022/12/14/mill/,"Wed, 14 Dec 2022 20:28:00 +0300"
"Женщина лишилась семьи, друзей и шести миллионов рублей из-за переписки",Экономика,https://lenta.ru/news/2022/12/14/sber_nagradil/,"Wed, 14 Dec 2022 20:24:00 +0300"
США захотели ввести санкции против ведущего производителя чипов в Китае,Бывший СССР,https://lenta.ru/news/2022/12/14/pravit_latv/,"Wed, 14 Dec 2022 20:23:00 +0300"
48-летняя Пенелопа Крус появилась на премьере фильма в ультракоротком платье,Мир,https://lenta.ru/news/2022/12/14/turkishoppositionriot/,"Wed, 14 Dec 2022 20:23:00 +0300"
Психолог перечислил признаки токсичных отношений,Из жизни,https://lenta.ru/news/2022/12/14/moshennik/,"Wed, 14 Dec 2022 20:22:00 +0300"
Украина приготовилась получить от Франции более 530 миллионов евро,Экономика,https://lenta.ru/news/2022/12/14/chinachip/,"Wed, 14 Dec 2022 20:20:00 +0300"
В Баку указали на готовность обеспечить гуманитарные потребности армян Карабаха,Ценности,https://lenta.ru/news/2022/12/14/ultramini/,"Wed, 14 Dec 2022 20:20:00 +0300"
Жители Московского региона бросились скупать жилье на популярном курорте,Забота о себе,https://lenta.ru/news/2022/12/14/egoist/,"Wed, 14 Dec 2022 20:18:00 +0300"
Белый дом высказался о возможных поставках ЗРК Patriot Киеву,Бывший СССР,https://lenta.ru/news/2022/12/14/530/,"Wed, 14 Dec 2022 20:15:00 +0300"
Выявлен новый молекулярный механизм возникновения подагры,Бывший СССР,https://lenta.ru/news/2022/12/14/humanitarian_need/,"Wed, 14 Dec 2022 20:14:00 +0300"
Кадыров показал видео обнаружения схрона с оружием во время зачистки в Запорожье,Среда обитания,https://lenta.ru/news/2022/12/14/moskva_dubai/,"Wed, 14 Dec 2022 20:12:00 +0300"
В Южной Америке у пассажирского самолета после вылета отвалилась дверь,Мир,https://lenta.ru/news/2022/12/14/nepodtverdil/,"Wed, 14 Dec 2022 20:12:00 +0300"
В США оценили возможность завершения боевых действий на Украине к концу года,Наука и техника,https://lenta.ru/news/2022/12/14/podagra/,"Wed, 14 Dec 2022 20:07:00 +0300"
Во Франции раскритиковали просьбу жены Зеленского о передаче генераторов Украине,Россия,https://lenta.ru/news/2022/12/14/sxron/,"Wed, 14 Dec 2022 20:04:00 +0300"
Россиянина осудят за изнасилование возвращавшейся домой от бабушки школьницы,Путешествия,https://lenta.ru/news/2022/12/14/otorvalodver/,"Wed, 14 Dec 2022 19:59:00 +0300"
США приготовились ввести санкции против Потанина,Мир,https://lenta.ru/news/2022/12/14/otsenka_kirbi/,"Wed, 14 Dec 2022 19:59:00 +0300"
Стало известно о спорах Роналду с агентом по поводу нового клуба,Мир,https://lenta.ru/news/2022/12/14/kuda_potratili/,"Wed, 14 Dec 2022 19:54:00 +0300"
Twitter заблокировал отслеживавший самолет Маска аккаунт,Силовые структуры,https://lenta.ru/news/2022/12/14/suddevochka/,"Wed, 14 Dec 2022 19:53:00 +0300"
Родственник женщины убил ее бывшего возлюбленного и избежал тюрьмы,Экономика,https://lenta.ru/news/2022/12/14/potanin/,"Wed, 14 Dec 2022 19:52:00 +0300"
Молодо выглядящая 50-летняя женщина раскрыла четыре секрета своей красоты,Спорт,https://lenta.ru/news/2022/12/14/ronaldomendes/,"Wed, 14 Dec 2022 19:52:00 +0300"
В Узбекистане президент пришел с проверкой в одну из квартир и попал на видео,Интернет и СМИ,https://lenta.ru/news/2022/12/14/musktwi/,"Wed, 14 Dec 2022 19:51:00 +0300"
Несколько стран Европы приготовились к беспорядкам из-за матча Франции и Марокко,Из жизни,https://lenta.ru/news/2022/12/14/stalkermurder/,"Wed, 14 Dec 2022 19:46:00 +0300"
Второй сезон «Властелин колец: Кольца власти» снимет полностью женская команда,Ценности,https://lenta.ru/news/2022/12/14/secrets/,"Wed, 14 Dec 2022 19:44:00 +0300"
Наташа Королева рассказала о нежелании Тарзана жить в загородном доме,Бывший СССР,https://lenta.ru/news/2022/12/14/uzbekistan_teplo/,"Wed, 14 Dec 2022 19:44:00 +0300"
Британцы согласились сократить энергопотребление в обмен на скидки,Мир,https://lenta.ru/news/2022/12/14/mondial/,"Wed, 14 Dec 2022 19:44:00 +0300"
Росгвардейцы изъяли более восьми тысяч патронов из схрона ВСУ под Херсоном,Культура,https://lenta.ru/news/2022/12/14/femaleteam/,"Wed, 14 Dec 2022 19:40:00 +0300"
Албанцы силой захватили власть на севере Косова,Среда обитания,https://lenta.ru/news/2022/12/14/dont_want/,"Wed, 14 Dec 2022 19:37:00 +0300"
Названы главные причины пожаров зимой,Экономика,https://lenta.ru/news/2022/12/14/brsell/,"Wed, 14 Dec 2022 19:35:00 +0300"
Спрогнозированы большие скидки на один тип жилья в Москве,Силовые структуры,https://lenta.ru/news/2022/12/14/rosgvard/,"Wed, 14 Dec 2022 19:33:00 +0300"
На Украине появилась петиция с требованием не продлевать военное положение,Мир,https://lenta.ru/news/2022/12/14/kosowo/,"Wed, 14 Dec 2022 19:33:00 +0300"
Названы самые стильные знаменитости 2022 года,Россия,https://lenta.ru/news/2022/12/14/fire/,"Wed, 14 Dec 2022 19:31:00 +0300"
Российский учитель устроил детям прощальную алковечеринку с погромом квартиры,Среда обитания,https://lenta.ru/news/2022/12/14/skidki/,"Wed, 14 Dec 2022 19:20:00 +0300"
Продюсер популярного шоу на ТНТ рассказала о закулисье программы,Бывший СССР,https://lenta.ru/news/2022/12/14/polozhenie/,"Wed, 14 Dec 2022 19:18:00 +0300"
Отдых на любимом курорте богачей стал доступнее для простых россиян,Ценности,https://lenta.ru/news/2022/12/14/fashionable/,"Wed, 14 Dec 2022 19:17:00 +0300"
Прокуратура потребовала изъять имущество экс-полковника Захарченко в пользу РФ,Россия,https://lenta.ru/news/2022/12/14/alkoparty/,"Wed, 14 Dec 2022 19:08:00 +0300"
Решена проблема дефицита витамина A в мире,Интернет и СМИ,https://lenta.ru/news/2022/12/14/shooting/,"Wed, 14 Dec 2022 19:08:00 +0300"
В России предсказали падение цен на жилье,Путешествия,https://lenta.ru/news/2022/12/14/seychelles/,"Wed, 14 Dec 2022 19:07:00 +0300"
В Великобритании замедлилась инфляция,Силовые структуры,https://lenta.ru/news/2022/12/14/dsf/,"Wed, 14 Dec 2022 19:06:00 +0300"
Стало известно о тренировках Роналду на базе «Реала»,Наука и техника,https://lenta.ru/news/2022/12/14/vitamina/,"Wed, 14 Dec 2022 19:03:00 +0300"
Мэра Стамбула приговорили к 31 месяцу лишения свободы за оскорбление ЦИК,Среда обитания,https://lenta.ru/news/2022/12/14/gild/,"Wed, 14 Dec 2022 19:00:00 +0300"
В Одесской области произошли взрывы,Экономика,https://lenta.ru/news/2022/12/14/medl/,"Wed, 14 Dec 2022 18:59:00 +0300"
Информацию о плане заговорщиков убить канцлера Германии назвали провокацией,Спорт,https://lenta.ru/news/2022/12/14/ronaldo/,"Wed, 14 Dec 2022 18:48:00 +0300"
В Польше пожаловались на нехватку средств на украинских беженцев,Мир,https://lenta.ru/news/2022/12/14/prigovorili/,"Wed, 14 Dec 2022 18:45:00 +0300"
Нефролог назвала самый яркий симптом камней в почках,Бывший СССР,https://lenta.ru/news/2022/12/14/odessa_vzryv/,"Wed, 14 Dec 2022 18:45:00 +0300"
Большинству работников российских компаний понадобилась помощь психолога,Мир,https://lenta.ru/news/2022/12/14/provocaciya/,"Wed, 14 Dec 2022 18:43:00 +0300"
Женщина попала в больницу из-за неудачного маникюра,Мир,https://lenta.ru/news/2022/12/14/gde_dengi/,"Wed, 14 Dec 2022 18:42:00 +0300"
Постпред России в Вене анонсировал визит главы МАГАТЭ в Москву,Забота о себе,https://lenta.ru/news/2022/12/14/kamni/,"Wed, 14 Dec 2022 18:41:00 +0300"
Москалькова рассказала о поступающих после завершения мобилизации жалобах,Экономика,https://lenta.ru/news/2022/12/14/psycho/,"Wed, 14 Dec 2022 18:41:00 +0300"
Водитель рассказал о смертельном ДТП с Сергеем Пускепалисом,Из жизни,https://lenta.ru/news/2022/12/14/manicure/,"Wed, 14 Dec 2022 18:35:00 +0300"
Отсылка к СССР в рекламе Gucci удивила иностранцев,Мир,https://lenta.ru/news/2022/12/14/grossicomestomoscow/,"Wed, 14 Dec 2022 18:34:00 +0300"
США уличили в незаконном финансировании президентских выборов во Франции,Россия,https://lenta.ru/news/2022/12/14/zhaloby/,"Wed, 14 Dec 2022 18:30:00 +0300"
Курс доллара превысил 64 рубля,Культура,https://lenta.ru/news/2022/12/14/pusk/,"Wed, 14 Dec 2022 18:26:00 +0300"
Британский словарь расширил понятия «мужчина» и «женщина»,Ценности,https://lenta.ru/news/2022/12/14/gucciussr/,"Wed, 14 Dec 2022 18:21:00 +0300"
В Англии запретят пластиковую посуду,Мир,https://lenta.ru/news/2022/12/14/thehandofwashington/,"Wed, 14 Dec 2022 18:20:00 +0300"
Россиян призвали срочно обновить популярный браузер из-за серьезной уязвимости,Экономика,https://lenta.ru/news/2022/12/14/vyross/,"Wed, 14 Dec 2022 18:20:00 +0300"
Пожилого россиянина осудили на восемь лет за убийство ревнивой жены,Мир,https://lenta.ru/news/2022/12/14/cambridge/,"Wed, 14 Dec 2022 18:19:00 +0300"
Саакашвили прекратил голодовку продолжительностью в половину дня,Среда обитания,https://lenta.ru/news/2022/12/14/england_plastic/,"Wed, 14 Dec 2022 18:18:00 +0300"
Постпред России в Вене ответил на слова Борреля о трибунале по Украине,Интернет и СМИ,https://lenta.ru/news/2022/12/14/chrome/,"Wed, 14 Dec 2022 18:15:00 +0300"
В Казахстане амнистировали более тысячи участников январских протестов,Силовые структуры,https://lenta.ru/news/2022/12/14/suprugkrs/,"Wed, 14 Dec 2022 18:14:00 +0300"
Умерший в снегу у подмосковной больницы мужчина пролежал на морозе восемь часов,Бывший СССР,https://lenta.ru/news/2022/12/14/saak_pokushal/,"Wed, 14 Dec 2022 18:13:00 +0300"
Игры из Steam добавили в автомобили Tesla,Мир,https://lenta.ru/news/2022/12/14/tribunall/,"Wed, 14 Dec 2022 18:12:00 +0300"
Спрогнозирован старт продаж горящих туров на Новый год для россиян,Бывший СССР,https://lenta.ru/news/2022/12/14/amnesty/,"Wed, 14 Dec 2022 18:11:00 +0300"
Блогерша ответила на хейт в сети за «клавиши пианино» вместо зубов,Россия,https://lenta.ru/news/2022/12/14/vsnegu/,"Wed, 14 Dec 2022 18:06:11 +0300"
Дизайнер перечислил основные ошибки в оформлении «однушки»,Наука и техника,https://lenta.ru/news/2022/12/14/tesla_steam/,"Wed, 14 Dec 2022 18:05:00 +0300"
Названы районы Москвы с самыми дешевыми «однушками»,Путешествия,https://lenta.ru/news/2022/12/14/start/,"Wed, 14 Dec 2022 18:03:00 +0300"
Названа причина смерти американского журналиста во время матча чемпионата мира,Ценности,https://lenta.ru/news/2022/12/14/veneers/,"Wed, 14 Dec 2022 18:01:00 +0300"
Россиянина осудили на девять лет за убийство прораба на стройке,Забота о себе,https://lenta.ru/news/2022/12/14/odnushka/,"Wed, 14 Dec 2022 17:53:00 +0300"
«Отважные» отбили атаки ВСУ в ЛНР на «Терминаторах»,Среда обитания,https://lenta.ru/news/2022/12/14/odnushki/,"Wed, 14 Dec 2022 17:51:00 +0300"
Китай отозвал генконсула в Манчестере из Великобритании,Спорт,https://lenta.ru/news/2022/12/14/grantwhal/,"Wed, 14 Dec 2022 17:47:00 +0300"
Пригожин заявил о самом сильном «за столетие» сопротивлении ВСУ в Опытном,Силовые структуры,https://lenta.ru/news/2022/12/14/prorab/,"Wed, 14 Dec 2022 17:44:00 +0300"
Назван недостаток дальнобойного оружия Украины,Россия,https://lenta.ru/news/2022/12/14/terminator/,"Wed, 14 Dec 2022 17:42:00 +0300"
Названы самые популярные российские сериалы года,Мир,https://lenta.ru/news/2022/12/14/china_britain/,"Wed, 14 Dec 2022 17:41:00 +0300"
Германия одобрила сделку с США по закупке истребителей F-35,Россия,https://lenta.ru/news/2022/12/14/stoletie/,"Wed, 14 Dec 2022 17:40:00 +0300"
Вооруженные албанцы захватили власть в сербской части Косова и Метохии,Наука и техника,https://lenta.ru/news/2022/12/14/tu141/,"Wed, 14 Dec 2022 17:40:00 +0300"
Иран и Россия подписали меморандум о сотрудничестве в космической сфере,Культура,https://lenta.ru/news/2022/12/14/showzzz/,"Wed, 14 Dec 2022 17:39:00 +0300"
Российские военные пресекли попытку атаки мотопехоты ВСУ в Запорожской области,Мир,https://lenta.ru/news/2022/12/14/f35_germany/,"Wed, 14 Dec 2022 17:36:00 +0300"
В США назвали условие для поставок Patriot Украине,Мир,https://lenta.ru/news/2022/12/14/kosovostrikes/,"Wed, 14 Dec 2022 17:34:00 +0300"
24-летний сотрудник службы безопасности погиб на стадионе в Катаре,Мир,https://lenta.ru/news/2022/12/14/iran_rf_cosmo/,"Wed, 14 Dec 2022 17:34:00 +0300"
Кристофер Нолан назвал величайших актеров всех времен,Россия,https://lenta.ru/news/2022/12/14/otbita_ataka/,"Wed, 14 Dec 2022 17:34:00 +0300"
Человечеству предрекли усугубление гуманитарных катастроф,Мир,https://lenta.ru/news/2022/12/14/usa_patriot/,"Wed, 14 Dec 2022 17:30:00 +0300"
В Госдуму внесут законопроект об ограничениях для уехавших россиян,Спорт,https://lenta.ru/news/2022/12/14/kibue/,"Wed, 14 Dec 2022 17:28:00 +0300"
Шансы Косово на вступление в ЕС оценили,Культура,https://lenta.ru/news/2022/12/14/nolan/,"Wed, 14 Dec 2022 17:25:00 +0300"
Раскрыты причины роста волос в новых местах на теле мужчин с возрастом,Среда обитания,https://lenta.ru/news/2022/12/14/hum_cat/,"Wed, 14 Dec 2022 17:24:00 +0300"
СКР начал проверку по факту падения ребенка на ватрушке в канализационный люк,Экономика,https://lenta.ru/news/2022/12/14/clishas/,"Wed, 14 Dec 2022 17:22:00 +0300"
Сложности Европы вокруг трибунала по Украине объяснили,Мир,https://lenta.ru/news/2022/12/14/demarsh/,"Wed, 14 Dec 2022 17:22:00 +0300"
Медведев назвал главу Латвии недопрезидентом марионеточного государства,Ценности,https://lenta.ru/news/2022/12/14/volosy_men/,"Wed, 14 Dec 2022 17:19:00 +0300"
Полицейские снялись в умилительной фотосессии со служебными собаками и лошадьми,Силовые структуры,https://lenta.ru/news/2022/12/14/skrtubing/,"Wed, 14 Dec 2022 17:19:00 +0300"
Умер один из первых итальянских папарацци Карло Риккарди,Мир,https://lenta.ru/news/2022/12/14/tribunal/,"Wed, 14 Dec 2022 17:16:00 +0300"
Площадка в Петербурге ужесточит правила входа из-за испорченной картины Бэнкси,Россия,https://lenta.ru/news/2022/12/14/nazzv/,"Wed, 14 Dec 2022 17:16:00 +0300"
Бразильской конфедерации футбола предъявили иск из-за инцидента с котом на ЧМ,Из жизни,https://lenta.ru/news/2022/12/14/cuteanimals/,"Wed, 14 Dec 2022 17:11:00 +0300"
Российский лоукостер начнет выполнять рейсы в популярный курортный город,Интернет и СМИ,https://lenta.ru/news/2022/12/14/dead/,"Wed, 14 Dec 2022 17:07:00 +0300"
Российский уголовник пойдет под суд за кражу игровой приставки и убийство,Культура,https://lenta.ru/news/2022/12/14/sevkab/,"Wed, 14 Dec 2022 17:05:00 +0300"
Индия начала покупать российскую нефть по минимальной цене,Спорт,https://lenta.ru/news/2022/12/14/brazil_cat/,"Wed, 14 Dec 2022 17:02:57 +0300"
Рост цен в Финляндии побил 40-летний рекорд,Путешествия,https://lenta.ru/news/2022/12/14/dubai_pobeda/,"Wed, 14 Dec 2022 17:02:00 +0300"
Впервые осуществлена безубыточная термоядерная реакция,Силовые структуры,https://lenta.ru/news/2022/12/14/criminaliti/,"Wed, 14 Dec 2022 17:01:00 +0300"
Похоронившей женатого любовника женщине дали совет о переживании горя,Экономика,https://lenta.ru/news/2022/12/14/low/,"Wed, 14 Dec 2022 16:58:00 +0300"
В Германии прошли массовые обыски у экоактивистов,Экономика,https://lenta.ru/news/2022/12/14/recordno/,"Wed, 14 Dec 2022 16:56:00 +0300"
Созданную вдовой Лужкова компанию продали за миллиарды рублей,Наука и техника,https://lenta.ru/news/2022/12/14/fusion/,"Wed, 14 Dec 2022 16:55:00 +0300"
Попова предложила тестировать на грипп людей с симптомами ОРВИ,Забота о себе,https://lenta.ru/news/2022/12/14/gore/,"Wed, 14 Dec 2022 16:52:00 +0300"
Боец ММА Минеев объяснил задержку с отправкой в зону СВО,Мир,https://lenta.ru/news/2022/12/14/frg_obysk/,"Wed, 14 Dec 2022 16:52:00 +0300"
СБУ провела обыски у Компартии и «Руси единой»,Среда обитания,https://lenta.ru/news/2022/12/14/inteko/,"Wed, 14 Dec 2022 16:52:00 +0300"
Две трети республиканцев в США выступили против обмена Бута на Грайнер,Россия,https://lenta.ru/news/2022/12/14/popova_test/,"Wed, 14 Dec 2022 16:51:00 +0300"
МИД ответил на слова канцлера ФРГ о сотрудничестве с Россией в будущем,Спорт,https://lenta.ru/news/2022/12/14/mineevsvo/,"Wed, 14 Dec 2022 16:39:00 +0300"
В России рассказали об опыте экипажа «Дмитрия Донского»,Бывший СССР,https://lenta.ru/news/2022/12/14/komrus/,"Wed, 14 Dec 2022 16:36:00 +0300"
Россия отказалась просить Германию о возобновлении экономических отношений,Мир,https://lenta.ru/news/2022/12/14/twothirdsofrepublicans/,"Wed, 14 Dec 2022 16:36:00 +0300"
Госдума приняла закон о пожизненном лишении свободы за диверсии,Мир,https://lenta.ru/news/2022/12/14/sholts_answer/,"Wed, 14 Dec 2022 16:35:00 +0300"
Американский полковник объяснил сигналы США Путину насчет Украины,Наука и техника,https://lenta.ru/news/2022/12/14/941/,"Wed, 14 Dec 2022 16:32:00 +0300"
Мальчик пнул укусившего его за ногу крокодила и спас себе жизнь,Мир,https://lenta.ru/news/2022/12/14/lavroff_frg/,"Wed, 14 Dec 2022 16:32:00 +0300"
Китаец украл в самолете из рюкзака россиянина тысячи долларов и попался,Силовые структуры,https://lenta.ru/news/2022/12/14/zekon/,"Wed, 14 Dec 2022 16:30:00 +0300"
Стал известен новый глава администрации Энергодара,Мир,https://lenta.ru/news/2022/12/14/mcgreg_polk/,"Wed, 14 Dec 2022 16:29:00 +0300"
Венгрия начала договариваться о поставках газа с конкурентом России,Из жизни,https://lenta.ru/news/2022/12/14/crocodile/,"Wed, 14 Dec 2022 16:27:00 +0300"
Россиянам назвали самую вредную модель мужских трусов,Путешествия,https://lenta.ru/news/2022/12/14/chinese/,"Wed, 14 Dec 2022 16:26:00 +0300"
В ДНР рассказали о травмах у освобожденных из украинского плена военных,Россия,https://lenta.ru/news/2022/12/14/dumss/,"Wed, 14 Dec 2022 16:25:00 +0300"
Сооснователя «Диссернета» Заякина заочно арестовали,Экономика,https://lenta.ru/news/2022/12/14/dogovor/,"Wed, 14 Dec 2022 16:23:00 +0300"
Звезда «Бригады» прокомментировал возможность продолжения сериала,Ценности,https://lenta.ru/news/2022/12/14/underwear/,"Wed, 14 Dec 2022 16:23:00 +0300"
Нидерланды испугались публичного показа матча ЧМ-2022 между Францией и Марокко,Россия,https://lenta.ru/news/2022/12/14/dnr_morozova/,"Wed, 14 Dec 2022 16:22:00 +0300"
Российские десантники сорвали наступление «бронекулака» ВСУ,Силовые структуры,https://lenta.ru/news/2022/12/14/za/,"Wed, 14 Dec 2022 16:22:00 +0300"
В Киеве подтвердили удар по бывшей администрации Херсона,Культура,https://lenta.ru/news/2022/12/14/brigada/,"Wed, 14 Dec 2022 16:19:00 +0300"
Власти Петербурга сообщили о начале эпидемии гриппа и ОРВИ,Спорт,https://lenta.ru/news/2022/12/14/mar_fra/,"Wed, 14 Dec 2022 16:17:27 +0300"
Стрелков вызвал Соловьева на дебаты,Россия,https://lenta.ru/news/2022/12/14/sryv_nastupleniya/,"Wed, 14 Dec 2022 16:15:00 +0300"
Сериал «Уэнсдэй» Бертона набрал более миллиарда часов просмотров,Бывший СССР,https://lenta.ru/news/2022/12/14/udarkherson/,"Wed, 14 Dec 2022 16:14:00 +0300"
Европарламент вручил премию Сахарова народу Украины,Россия,https://lenta.ru/news/2022/12/14/epidemiya/,"Wed, 14 Dec 2022 16:12:00 +0300"
iPhone вызвал помощь на место ДТП,Интернет и СМИ,https://lenta.ru/news/2022/12/14/strelkov/,"Wed, 14 Dec 2022 16:11:00 +0300"
Названы главные покупатели российского СПГ в Европе,Культура,https://lenta.ru/news/2022/12/14/wed_yard/,"Wed, 14 Dec 2022 16:08:00 +0300"
Путин привился от гриппа,Мир,https://lenta.ru/news/2022/12/14/eu_saharov/,"Wed, 14 Dec 2022 16:06:00 +0300"
Перечислены варианты ответов на вопросы любопытных близких о личной жизни,Наука и техника,https://lenta.ru/news/2022/12/14/iphone_dtp/,"Wed, 14 Dec 2022 16:06:00 +0300"
Попова назвала превалирующую разновидность гриппа в России,Экономика,https://lenta.ru/news/2022/12/14/fond/,"Wed, 14 Dec 2022 16:04:00 +0300"
В США предрекли слом Украины и Запада в зимний период конфликта,Россия,https://lenta.ru/news/2022/12/14/gripputin/,"Wed, 14 Dec 2022 16:02:00 +0300"
У Кристины Асмус не оказалось собственного жилья,Забота о себе,https://lenta.ru/news/2022/12/14/questions/,"Wed, 14 Dec 2022 15:57:00 +0300"
Путин рассказал о росте заболеваемости гриппом в России,Россия,https://lenta.ru/news/2022/12/14/grippp/,"Wed, 14 Dec 2022 15:56:00 +0300"
Названа стоимость новых российских автомобилей Sollers,Интернет и СМИ,https://lenta.ru/news/2022/12/14/winterrr/,"Wed, 14 Dec 2022 15:54:00 +0300"
В Израиле сотню украинских беженцев захотели выселить из социального жилья,Среда обитания,https://lenta.ru/news/2022/12/14/no_estate/,"Wed, 14 Dec 2022 15:53:00 +0300"
На Украине допустили новую волну мобилизации,Россия,https://lenta.ru/news/2022/12/14/rostt/,"Wed, 14 Dec 2022 15:52:00 +0300"
Планировавшего убить следователей по делу Галявиева отправили в психбольницу,Экономика,https://lenta.ru/news/2022/12/14/gruzovichki/,"Wed, 14 Dec 2022 15:50:00 +0300"
Глава приграничного российского региона показал новые снимки засечной черты,Мир,https://lenta.ru/news/2022/12/14/israel/,"Wed, 14 Dec 2022 15:46:00 +0300"
Госдеп США оценил визит американских бойцов UFC в Чечню по приглашению Кадырова,Бывший СССР,https://lenta.ru/news/2022/12/14/mob_ukr/,"Wed, 14 Dec 2022 15:45:00 +0300"
Информацию о мобилизации многодетного отца в Новосибирской области опровергли,Силовые структуры,https://lenta.ru/news/2022/12/14/yakut/,"Wed, 14 Dec 2022 15:45:00 +0300"
Рассекречено продолжение The Last of Us,Россия,https://lenta.ru/news/2022/12/14/zaseka/,"Wed, 14 Dec 2022 15:44:00 +0300"
Россиянам рассказали об экологичных лайфхаках,Спорт,https://lenta.ru/news/2022/12/14/usa_ufc/,"Wed, 14 Dec 2022 15:43:00 +0300"
Wildberries потребовали проверить на распространение откровенных фото,Интернет и СМИ,https://lenta.ru/news/2022/12/14/mob/,"Wed, 14 Dec 2022 15:42:00 +0300"
Арестованный из-за конфликта с командиром мобилизованный объяснил свой поступок,Наука и техника,https://lenta.ru/news/2022/12/14/tlou3/,"Wed, 14 Dec 2022 15:40:00 +0300"
На Украине заявили о выполнении всех законодательных рекомендаций Еврокомиссии,Среда обитания,https://lenta.ru/news/2022/12/14/lfhck/,"Wed, 14 Dec 2022 15:37:54 +0300"
Москвичи отвернулись от ипотеки,Ценности,https://lenta.ru/news/2022/12/14/wild_proverka/,"Wed, 14 Dec 2022 15:36:33 +0300"
Великобритания обвинила Россию в подрыве основ безопасности в Европе,Силовые структуры,https://lenta.ru/news/2022/12/14/obyasnil/,"Wed, 14 Dec 2022 15:35:00 +0300"
Подрядчика Первого канала обвинили в хищении 500 миллионов рублей,Бывший СССР,https://lenta.ru/news/2022/12/14/topnovyna/,"Wed, 14 Dec 2022 15:34:18 +0300"
Мужчина начал бегать в 60 лет и за один день пробежал 100 километров,Среда обитания,https://lenta.ru/news/2022/12/14/ipoteka/,"Wed, 14 Dec 2022 15:34:00 +0300"
Новый «Пиноккио» вошел в топ-10 фильмов Netflix в 79 странах,Мир,https://lenta.ru/news/2022/12/14/britain_obse/,"Wed, 14 Dec 2022 15:34:00 +0300"
Белые медведи погрызли участвовавший в их подсчете российский беспилотник,Интернет и СМИ,https://lenta.ru/news/2022/12/14/star/,"Wed, 14 Dec 2022 15:32:37 +0300"
Россиянин нашел труп в снегу во дворе подмосковной больницы и снял его на видео,Из жизни,https://lenta.ru/news/2022/12/14/itsnevertoolatetostart/,"Wed, 14 Dec 2022 15:28:37 +0300"
Собирающимся посетить Европу туристам порекомендовали класть в багаж одну вещь,Культура,https://lenta.ru/news/2022/12/14/pinocchio/,"Wed, 14 Dec 2022 15:28:25 +0300"
Власти Бердянска сообщили о диверсии со стороны Украины,69-я параллель,https://lenta.ru/news/2022/12/14/bear_vs_bpla/,"Wed, 14 Dec 2022 15:27:00 +0300"
В США рассказали о подготовке киевлян к ядерному удару,Россия,https://lenta.ru/news/2022/12/14/ramenskk/,"Wed, 14 Dec 2022 15:25:48 +0300"
В Госдуму внесли законопроект об обязательной дактилоскопии для добровольцев,Путешествия,https://lenta.ru/news/2022/12/14/plunger/,"Wed, 14 Dec 2022 15:22:37 +0300"
Польша объявила о скором создании флота для перевозки газа,Россия,https://lenta.ru/news/2022/12/14/diversia/,"Wed, 14 Dec 2022 15:22:00 +0300"
Стало известно о гибели мигрантов в Ла-Манше,Мир,https://lenta.ru/news/2022/12/14/kievnuclearwar/,"Wed, 14 Dec 2022 15:20:00 +0300"
Власти Косово подписали заявку на вступление в Евросоюз,Россия,https://lenta.ru/news/2022/12/14/vness/,"Wed, 14 Dec 2022 15:19:00 +0300"
Опубликована карта боевых действий на Украине,Экономика,https://lenta.ru/news/2022/12/14/poland/,"Wed, 14 Dec 2022 15:18:00 +0300"
В России начали испытания многоразовой ракетной ступени «Крыло-СВ»,Мир,https://lenta.ru/news/2022/12/14/lamansh/,"Wed, 14 Dec 2022 15:18:00 +0300"
«Распутные» тату на одной части тела вновь вернулись в моду из 2000-х,Мир,https://lenta.ru/news/2022/12/14/kosovo_eu/,"Wed, 14 Dec 2022 15:16:00 +0300"
В лесах Белгородской области обнаружили схрон с оружием украинской ДРГ,Россия,https://lenta.ru/news/2022/12/14/karta/,"Wed, 14 Dec 2022 15:16:00 +0300"
Популярная юмористка рассказала о жизни в коммуналке,Наука и техника,https://lenta.ru/news/2022/12/14/nccou/,"Wed, 14 Dec 2022 15:15:00 +0300"
В Совфеде призвали защитить права эмбрионов в пробирке,Ценности,https://lenta.ru/news/2022/12/14/tatoostamp/,"Wed, 14 Dec 2022 15:07:00 +0300"
Российские войска уничтожили склад ВСУ с двумя тысячами снарядов для РСЗО «Град»,Силовые структуры,https://lenta.ru/news/2022/12/14/drgbelg/,"Wed, 14 Dec 2022 15:06:00 +0300"
В офисе Зеленского заявили об обмене пленными между Россией и Украиной,Среда обитания,https://lenta.ru/news/2022/12/14/kommunalka/,"Wed, 14 Dec 2022 15:06:00 +0300"
VK приготовила пользователям сюрприз на Новый год,Россия,https://lenta.ru/news/2022/12/14/embrio/,"Wed, 14 Dec 2022 15:04:00 +0300"
Сбер создаст «Карту жителя Саратовской области»,Россия,https://lenta.ru/news/2022/12/14/grad/,"Wed, 14 Dec 2022 15:01:00 +0300"
Собчак прокомментировала иск против нее о взыскании трех миллионов рублей,Бывший СССР,https://lenta.ru/news/2022/12/14/zeermobmen/,"Wed, 14 Dec 2022 15:01:00 +0300"
В ЛНР рассказали об отказе украинских танкистов выполнять приказы,Интернет и СМИ,https://lenta.ru/news/2022/12/14/shuba/,"Wed, 14 Dec 2022 14:59:00 +0300"
ВС России поразили пункт управления группировки войск ВСУ «Лиман»,Экономика,https://lenta.ru/news/2022/12/14/sarkarta/,"Wed, 14 Dec 2022 14:54:01 +0300"
В Госдуме предложили дать новогодний отпуск отличившимся участникам СВО,Интернет и СМИ,https://lenta.ru/news/2022/12/14/sobchakisk/,"Wed, 14 Dec 2022 14:54:00 +0300"
Российские войска взяли под контроль основную часть донецкого села Водяное,Россия,https://lenta.ru/news/2022/12/14/marochko_tankisty/,"Wed, 14 Dec 2022 14:54:00 +0300"
Еврокомиссия направила Украине 500 миллионов евро,Россия,https://lenta.ru/news/2022/12/14/liman/,"Wed, 14 Dec 2022 14:53:00 +0300"
Россияне рекордно сократили свои расходы,Россия,https://lenta.ru/news/2022/12/14/otpusk_svo/,"Wed, 14 Dec 2022 14:53:00 +0300"
Кадыров показал видео работы российской артиллерии на соледарском направлении,Россия,https://lenta.ru/news/2022/12/14/vdef/,"Wed, 14 Dec 2022 14:52:00 +0300"
Российские войска отбили контратаки ВСУ на южно-донецком направлении,Мир,https://lenta.ru/news/2022/12/14/eu_500/,"Wed, 14 Dec 2022 14:51:00 +0300"
Минобороны заявило о пресечении переброски резервов ВСУ в ДНР,Экономика,https://lenta.ru/news/2022/12/14/rasxod/,"Wed, 14 Dec 2022 14:50:41 +0300"
Врач назвала отличия свиного гриппа от COVID-19,Россия,https://lenta.ru/news/2022/12/14/soledar/,"Wed, 14 Dec 2022 14:50:00 +0300"
Минобороны заявило о сорванных контратаках ВСУ на краснолиманском направлении,Россия,https://lenta.ru/news/2022/12/14/vsuu/,"Wed, 14 Dec 2022 14:50:00 +0300"
Совет Федерации одобрил закон об установлении МРОТ в 2023 году,Россия,https://lenta.ru/news/2022/12/14/perebros/,"Wed, 14 Dec 2022 14:50:00 +0300"
Минобороны отчиталось об уничтожении 100 солдат ВСУ на купянском направлении,Забота о себе,https://lenta.ru/news/2022/12/14/flu/,"Wed, 14 Dec 2022 14:49:48 +0300"
Тела летчиков ЧВК «Вагнер» вернули в Россию,Россия,https://lenta.ru/news/2022/12/14/redd/,"Wed, 14 Dec 2022 14:48:00 +0300"
В Госдуме объявили о готовности российской армии к наступлению,Экономика,https://lenta.ru/news/2022/12/14/mrot/,"Wed, 14 Dec 2022 14:47:00 +0300"
Минобороны показало кадры применения «арктического» ЗРК в ходе спецоперации,Россия,https://lenta.ru/news/2022/12/14/kupyansk/,"Wed, 14 Dec 2022 14:47:00 +0300"
Интимное видео с форвардом сборной Португалии попало в сеть,Россия,https://lenta.ru/news/2022/12/14/letchik/,"Wed, 14 Dec 2022 14:46:00 +0300"
Устроивший взрыв на уроке химии российский директор рассказал о случившемся,Россия,https://lenta.ru/news/2022/12/14/readytomove/,"Wed, 14 Dec 2022 14:43:00 +0300"
Следователи проверят гибель сотрудников скорой помощи в ДТП под Томском,Наука и техника,https://lenta.ru/news/2022/12/14/torm2dt/,"Wed, 14 Dec 2022 14:40:00 +0300"
Решетова раскрыла способы похудеть за несколько дней до Нового года,Спорт,https://lenta.ru/news/2022/12/14/dzyubacosplay/,"Wed, 14 Dec 2022 14:39:15 +0300"
Россияне начали тоннами скупать золото,Россия,https://lenta.ru/news/2022/12/14/resskaz/,"Wed, 14 Dec 2022 14:36:58 +0300"
Скарлетт Йоханссон пожаловалась на амплуа красотки в кино,Силовые структуры,https://lenta.ru/news/2022/12/14/skoraya/,"Wed, 14 Dec 2022 14:35:05 +0300"
Продюсер назвал победителя в рэп-баттле между Моргенштерном и Оксимироном,Ценности,https://lenta.ru/news/2022/12/14/reshet_sovetiki/,"Wed, 14 Dec 2022 14:34:59 +0300"
Саакашвили снова объявил голодовку,Экономика,https://lenta.ru/news/2022/12/14/zl/,"Wed, 14 Dec 2022 14:33:26 +0300"
Спутниковый оператор Eutelsat прекратит трансляцию трех российских телеканалов,Общество,https://tass.ru/obschestvo/16594107,"Wed, 14 Dec 2022 20:42:40 +0300"
В Нижнем Новгороде часть улицы у собора Невского на Стрелке планируют сделать пешеходной,Общество,https://tass.ru/obschestvo/16594077,"Wed, 14 Dec 2022 20:42:25 +0300"
Эксперт: поставки Patriot Киеву не повлияют радикально на ход боевых действий на Украине,Общество,https://tass.ru/obschestvo/16594089,"Wed, 14 Dec 2022 20:41:45 +0300"
Боевая группа НАТО в Болгарии провела показательные учения,Международная панорама,https://tass.ru/mezhdunarodnaya-panorama/16593967,"Wed, 14 Dec 2022 20:41:06 +0300"
Марокканцы в ожидании матча своей сборной с французами на чемпионате мира в Катаре,Спорт,https://tass.ru/sport/16593493,"Wed, 14 Dec 2022 20:40:45 +0300"
Алиханов предложил увязать с калининградским транзитом разрешение полетов над РФ для ЕС,Экономика и бизнес,https://tass.ru/ekonomika/16594039,"Wed, 14 Dec 2022 20:40:09 +0300"
Минцифры не поддержало запрет на удаленку в IТ-компаниях для сотрудников за границей,Экономика и бизнес,https://tass.ru/ekonomika/16594101,"Wed, 14 Dec 2022 20:39:57 +0300"
"""VK клипы"" планирует запустить проведение трансляций в ближайший месяц",Экономика и бизнес,https://tass.ru/ekonomika/16594073,"Wed, 14 Dec 2022 20:39:22 +0300"
Более 1 млн человек в РФ и за рубежом приняли участие во Всероссийском правовом диктанте,Общество,https://tass.ru/obschestvo/16593739,"Wed, 14 Dec 2022 20:37:52 +0300"
В России в 2023 году может заработать национальная система по аккредитации в сфере халяль,Экономика и бизнес,https://tass.ru/ekonomika/16593665,"Wed, 14 Dec 2022 20:34:17 +0300"
Хуснуллин сообщил о новом рекорде по вводу жилья в России,Недвижимость,https://tass.ru/nedvizhimost/16594015,"Wed, 14 Dec 2022 20:33:30 +0300"
Премьер Венгрии вновь высмеял Европарламент в связи с коррупционным скандалом,Международная панорама,https://tass.ru/mezhdunarodnaya-panorama/16594057,"Wed, 14 Dec 2022 20:32:11 +0300"
В ДТП в Дагестане погибли четыре человека,Происшествия,https://tass.ru/proisshestviya/16594021,"Wed, 14 Dec 2022 20:30:05 +0300"
"Власти Подмосковья заявили, что более 85% возводимых объектов региона строятся по графику",Московская область,https://tass.ru/moskovskaya-oblast/16593997,"Wed, 14 Dec 2022 20:28:52 +0300"
"Кремлев заявил, что приветствует решение WBA восстановить российских боксеров в рейтингах",Спорт,https://tass.ru/sport/16594033,"Wed, 14 Dec 2022 20:26:36 +0300"
Небензя: Запад расширением НАТО приблизил европейский континент к грани конфронтации,Политика,https://tass.ru/politika/16593999,"Wed, 14 Dec 2022 20:23:33 +0300"
"В Петербурге начался финал конкурса ""Флагманы дополнительного образования""",Общество,https://tass.ru/obschestvo/16593971,"Wed, 14 Dec 2022 20:22:44 +0300"
"Потребление газа во Франции снизилось на 10,5% по сравнению с 2018 годом",Экономика и бизнес,https://tass.ru/ekonomika/16593831,"Wed, 14 Dec 2022 20:17:15 +0300"
Сотни жителей Стамбула провели митинг в поддержку приговоренного к тюрьме мэра,Международная панорама,https://tass.ru/mezhdunarodnaya-panorama/16593939,"Wed, 14 Dec 2022 20:16:28 +0300"
Чечня реализует 26 новых проектов в сфере туризма к началу турсезона 2023 года,Экономика и бизнес,https://tass.ru/ekonomika/16593805,"Wed, 14 Dec 2022 20:15:37 +0300"
Чернышенко поручил проработать создание платежной карты для иностранных туристов,Экономика и бизнес,https://tass.ru/ekonomika/16593923,"Wed, 14 Dec 2022 20:14:22 +0300"
"На Кубани 25,5 тыс. человек прошли корпоративные оздоровительные программы с начала года",Общество,https://tass.ru/obschestvo/16593937,"Wed, 14 Dec 2022 20:13:49 +0300"
СМИ: моряки в Одессе устроили акцию протеста у здания Службы безопасности Украины,Международная панорама,https://tass.ru/mezhdunarodnaya-panorama/16593915,"Wed, 14 Dec 2022 20:13:27 +0300"
Кадыров сообщил о выявлении крупного схрона оружия и боеприпасов в Запорожской области,Армия и ОПК,https://tass.ru/armiya-i-opk/16593909,"Wed, 14 Dec 2022 20:10:54 +0300"
Попавший в скандал консул КНР в Манчестере возвращается на родину на ротационной основе,Международная панорама,https://tass.ru/mezhdunarodnaya-panorama/16593845,"Wed, 14 Dec 2022 20:10:54 +0300"
Все школы в четырех районах Белгородской области переведут на удаленку из-за гриппа,Общество,https://tass.ru/obschestvo/16593795,"Wed, 14 Dec 2022 20:08:47 +0300"
Космонавты будут работать в открытом космосе при постоянной освещенности Солнцем,Космос,https://tass.ru/kosmos/16593839,"Wed, 14 Dec 2022 20:07:48 +0300"
Ставрополье направит 1 млрд рублей на поддержку военнослужащих и их семей в 2023 году,Общество,https://tass.ru/obschestvo/16593727,"Wed, 14 Dec 2022 20:06:29 +0300"
"В США сообщили, что еще изучают идею создания трибунала в связи с СВО на Украине",Международная панорама,https://tass.ru/mezhdunarodnaya-panorama/16593901,"Wed, 14 Dec 2022 20:05:18 +0300"
В Москве наградили победителей премии Тихомирова в области промышленного строительства,Москва,https://tass.ru/ekonomika/16593875,"Wed, 14 Dec 2022 20:03:58 +0300"
"ЕП поддержал безвизовый режим для Косова, но это решение должны утвердить все страны ЕС",Международная панорама,https://tass.ru/mezhdunarodnaya-panorama/16593887,"Wed, 14 Dec 2022 20:03:47 +0300"
"Фильм ""Железный человек"" и мультфильм ""Русалочка"" признаны национальным достоянием США",Культура,https://tass.ru/kultura/16593861,"Wed, 14 Dec 2022 20:03:01 +0300"
Минтранс предложил отложить до 2025 года требование оснащения автобусов тахографами,Экономика и бизнес,https://tass.ru/ekonomika/16593881,"Wed, 14 Dec 2022 20:02:31 +0300"
В Петербурге завершили ремонтные работы после прорыва трубы на улице Дыбенко,Общество,https://tass.ru/obschestvo/16593779,"Wed, 14 Dec 2022 20:02:00 +0300"
Удмуртия планирует увеличить сбор зерновых до 1 млн тонн к 2026 году,Экономика и бизнес,https://tass.ru/ekonomika/16593759,"Wed, 14 Dec 2022 19:59:42 +0300"
"США намерены рассматривать ""дополнительные возможности"" по обмену с РФ Уилана",Международная панорама,https://tass.ru/mezhdunarodnaya-panorama/16593807,"Wed, 14 Dec 2022 19:58:58 +0300"
"Индексы Мосбиржи и РТС снизились на 0,67-2,59%",Экономика и бизнес,https://tass.ru/ekonomika/16593705,"Wed, 14 Dec 2022 19:57:58 +0300"
Полицейские задержали предполагаемого виновника ДТП под Томском с машиной скорой помощи,Происшествия,https://tass.ru/proisshestviya/16593697,"Wed, 14 Dec 2022 19:56:00 +0300"
Ставропольский край перевыполнил план по курортному сбору в 2022 году,Экономика и бизнес,https://tass.ru/ekonomika/16593693,"Wed, 14 Dec 2022 19:54:22 +0300"
Президент Перу допустила возможность переноса выборов на декабрь 2023 года,Международная панорама,https://tass.ru/mezhdunarodnaya-panorama/16593625,"Wed, 14 Dec 2022 19:52:10 +0300"
"Бородачев стал победителем международного турнира ""Рапира Санкт-Петербурга""",Спорт,https://tass.ru/sport/16593751,"Wed, 14 Dec 2022 19:51:08 +0300"
Президент Таджикистана и премьер Пакистана подписали пакет документов после переговоров,Экономика и бизнес,https://tass.ru/ekonomika/16593517,"Wed, 14 Dec 2022 19:50:29 +0300"
"Губернатор Ростовской области заявил, что кампус ДГТУ станет крупнейшим на юге России",Общество,https://tass.ru/obschestvo/16593651,"Wed, 14 Dec 2022 19:48:57 +0300"
"В США заявили, что не видят возможности завершения боев на Украине к концу года",Международная панорама,https://tass.ru/mezhdunarodnaya-panorama/16593711,"Wed, 14 Dec 2022 19:47:46 +0300"
"Глава Ставрополья сообщил, что инвестиционный портфель края достиг 300 млрд рублей",Экономика и бизнес,https://tass.ru/ekonomika/16593601,"Wed, 14 Dec 2022 19:44:03 +0300"
Белый дом подтвердил освобождение американца в рамках обмена пленными между РФ и Украиной,Международная панорама,https://tass.ru/mezhdunarodnaya-panorama/16593683,"Wed, 14 Dec 2022 19:44:02 +0300"
Сейм Латвии утвердил новое правительство страны во главе с премьером Кариньшем,Международная панорама,https://tass.ru/mezhdunarodnaya-panorama/16593359,"Wed, 14 Dec 2022 19:44:01 +0300"
В Кельбаджарском районе Азербайджана восемь человек подорвались на мине,Происшествия,https://tass.ru/proisshestviya/16593575,"Wed, 14 Dec 2022 19:40:48 +0300"
В США не смогли подтвердить данные о потенциальной поставке Украине комплексов ПВО Patriot,Международная панорама,https://tass.ru/mezhdunarodnaya-panorama/16593639,"Wed, 14 Dec 2022 19:40:25 +0300"
"Матыцин допустил, что карта болельщика будет необходима не только на футбольных матчах",Спорт,https://tass.ru/sport/16593631,"Wed, 14 Dec 2022 19:38:59 +0300"
В Подмосковье планируют реализовать около 20 ГЧП-проектов на сумму свыше 400 млрд рублей,Экономика и бизнес,https://tass.ru/ekonomika/16593513,"Wed, 14 Dec 2022 19:38:19 +0300"
Щербакова и Большунов стали лауреатами Национальной спортивной премии,Спорт,https://tass.ru/sport/16593609,"Wed, 14 Dec 2022 19:37:11 +0300"
В Сибири получили выплаты все пострадавшие в результате майских пожаров,Общество,https://tass.ru/obschestvo/16593467,"Wed, 14 Dec 2022 19:37:02 +0300"
"В УПЦ потребовали удалить выпуск студии ""Квартал 95"" с богохульными шутками",Общество,https://tass.ru/obschestvo/16593301,"Wed, 14 Dec 2022 19:36:21 +0300"
"В Роскачестве считают, что доля халяльной продукции на рынке за три года может удвоиться",Экономика и бизнес,https://tass.ru/ekonomika/16593171,"Wed, 14 Dec 2022 19:34:07 +0300"
В Ростовской области откроют кластер компаний водного транспорта Азово-Донского бассейна,Экономика и бизнес,https://tass.ru/ekonomika/16593501,"Wed, 14 Dec 2022 19:33:39 +0300"
Путин назвал лауреатов Национальной спортивной премии примером для российской молодежи,Общество,https://tass.ru/obschestvo/16593565,"Wed, 14 Dec 2022 19:32:38 +0300"
"Bloomberg сообщил о блокировке аккаунта в Twitter, отслеживавшего самолет Маска",Экономика и бизнес,https://tass.ru/ekonomika/16593389,"Wed, 14 Dec 2022 19:30:52 +0300"
"Делегация РФ в ВТО заявила, что санкции США привели к потрясениям на энергетическом рынке",Экономика и бизнес,https://tass.ru/ekonomika/16593481,"Wed, 14 Dec 2022 19:29:59 +0300"
"В регионах Сибири урожай зерновых вырос на 8,5% в 2022 году",Экономика и бизнес,https://tass.ru/ekonomika/16593491,"Wed, 14 Dec 2022 19:29:01 +0300"
ЕК предложила меры в ответ на дискриминирующий компании ЕС Акт о снижении инфляции США,Экономика и бизнес,https://tass.ru/ekonomika/16593545,"Wed, 14 Dec 2022 19:27:50 +0300"
"Рынок ветеринарных препаратов в России может вырасти к 2030 году в 1,5 раза",Экономика и бизнес,https://tass.ru/ekonomika/16593337,"Wed, 14 Dec 2022 19:26:19 +0300"
В Думе появится рабочая группа по реализации госполитики в сфере традиционных ценностей,Общество,https://tass.ru/obschestvo/16593469,"Wed, 14 Dec 2022 19:25:33 +0300"
В России усилят контроль за производством этилового спирта,Экономика и бизнес,https://tass.ru/ekonomika/16593459,"Wed, 14 Dec 2022 19:24:00 +0300"
"Эксперты допустили, что ЦБ сохранит ключевую ставку на уровне 7,5%",Экономика и бизнес,https://tass.ru/ekonomika/16593383,"Wed, 14 Dec 2022 19:23:40 +0300"
"Россельхозбанк назвал победителей проекта ""Агролидеры России""",Новости партнеров,https://tass.ru/novosti-partnerov/16593433,"Wed, 14 Dec 2022 19:21:58 +0300"
"Матыцин заявил, что не уделяет внимания новостям о соревнованиях пар однополых фигуристов",Спорт,https://tass.ru/sport/16593443,"Wed, 14 Dec 2022 19:21:43 +0300"
Президент Румынии утвердил запрет органам власти использовать российское антивирусное ПО,Общество,https://tass.ru/obschestvo/16593321,"Wed, 14 Dec 2022 19:21:27 +0300"
WSJ узнал о намерении США ввести санкции против Владимира Потанина,Международная панорама,https://tass.ru/mezhdunarodnaya-panorama/16593449,"Wed, 14 Dec 2022 19:20:11 +0300"
Липецкие студенты помогут ухаживать за проживающими в домах престарелых гражданами,Общество,https://tass.ru/obschestvo/16593401,"Wed, 14 Dec 2022 19:19:46 +0300"
"Саакашвили прекратил голодовку, начатую несколько часов назад",Международная панорама,https://tass.ru/mezhdunarodnaya-panorama/16593137,"Wed, 14 Dec 2022 19:18:05 +0300"
"Суд в Молдавии продлил арест вице-председателю партии ""Шор"" Таубер еще на 20 суток",Международная панорама,https://tass.ru/mezhdunarodnaya-panorama/16593143,"Wed, 14 Dec 2022 19:16:21 +0300"
"Годовая инфляция в России с 6 декабря по 12 декабря ускорилась до 12,6%",Экономика и бизнес,https://tass.ru/ekonomika/16593395,"Wed, 14 Dec 2022 19:15:42 +0300"
Зеленский попросил Гутерриша как можно скорее направить экспертов на энергообъекты Украины,Международная панорама,https://tass.ru/mezhdunarodnaya-panorama/16593131,"Wed, 14 Dec 2022 19:15:21 +0300"
"Бюджет Архангельской области на 2023 год приняли с дефицитом в 13,7 млрд рублей",Экономика и бизнес,https://tass.ru/ekonomika/16593319,"Wed, 14 Dec 2022 19:14:39 +0300"
"Россия закупила в интервенционный фонд 58,725 тыс. тонн зерна на 887,5 млн рублей",Экономика и бизнес,https://tass.ru/ekonomika/16593179,"Wed, 14 Dec 2022 19:13:45 +0300"
Минпромторг: система маркировки выявила в 2022 году бракованные лекарства на 1 млрд рублей,Экономика и бизнес,https://tass.ru/ekonomika/16593203,"Wed, 14 Dec 2022 19:10:59 +0300"
"Вучич назвал ""корректными и искренними"" переговоры по Косову с представителями ЕС и США",Международная панорама,https://tass.ru/mezhdunarodnaya-panorama/16593309,"Wed, 14 Dec 2022 19:10:28 +0300"
Глава управления правительства Подмосковья и четверо его коллег обвиняются во взятке,Происшествия,https://tass.ru/proisshestviya/16593293,"Wed, 14 Dec 2022 19:10:23 +0300"
"В ОЭЗ ""Липецк"" начали строить завод кормов для домашних животных за 2,5 млрд рублей",Экономика и бизнес,https://tass.ru/ekonomika/16593291,"Wed, 14 Dec 2022 19:10:23 +0300"
Лавров поздравил нового главу МИД Белоруссии Алейника с назначением на должность,Политика,https://tass.ru/politika/16593341,"Wed, 14 Dec 2022 19:09:43 +0300"
"На Украине заявили, что получат от Франции более €530 млн на восстановление инфраструктуры",Международная панорама,https://tass.ru/mezhdunarodnaya-panorama/16593215,"Wed, 14 Dec 2022 19:08:17 +0300"
"Спецпроекты ТАСС стали призерами конкурса ""МИКС Россия""",Новости агентства,https://tass.ru/novosti-agentstva/16593307,"Wed, 14 Dec 2022 19:07:58 +0300"
В Баку заявили о готовности обеспечить гуманитарные потребности армян Карабаха,Международная панорама,https://tass.ru/mezhdunarodnaya-panorama/16593197,"Wed, 14 Dec 2022 19:07:07 +0300"
Эксперимент по маркировке медицинских изделий продлят до 31 августа 2023 года,Экономика и бизнес,https://tass.ru/ekonomika/16593209,"Wed, 14 Dec 2022 19:06:06 +0300"
Макет предметного плана диорамы ключевого штурма Севастополя нашли при реставрации,Общество,https://tass.ru/obschestvo/16593069,"Wed, 14 Dec 2022 19:06:05 +0300"
Бензин в России за неделю в среднем подорожал на одну копейку,Экономика и бизнес,https://tass.ru/ekonomika/16593243,"Wed, 14 Dec 2022 19:04:55 +0300"
Тарифы на коммунальные услуги в Брянской области стали одними из самых низких в ЦФО,Новости регионов,https://tass.ru/novosti-regionov/16593153,"Wed, 14 Dec 2022 19:04:18 +0300"
Прокуратура попросила суд изъять имущество экс-полковника Захарченко на 50 млн рублей,Происшествия,https://tass.ru/proisshestviya/16593267,"Wed, 14 Dec 2022 19:03:52 +0300"
"Гречка в России за неделю подешевела на 1,6%",Экономика и бизнес,https://tass.ru/ekonomika/16593237,"Wed, 14 Dec 2022 19:03:31 +0300"
Подачу тепла возобновили в Иркутской области после аварийного отключения в 83 домах,Происшествия,https://tass.ru/proisshestviya/16593165,"Wed, 14 Dec 2022 19:03:27 +0300"
Politico: слушания по делу Евы Кайли перенесли на 22 декабря из-за забастовки в тюрьме,Международная панорама,https://tass.ru/mezhdunarodnaya-panorama/16593111,"Wed, 14 Dec 2022 19:02:06 +0300"
Отключение электричества в Севастополе связано с нехваткой мощности ПЭС,Происшествия,https://tass.ru/proisshestviya/16593195,"Wed, 14 Dec 2022 19:01:50 +0300"
"Росстат улучшил оценку снижения ВВП России в III квартале до уровня 3,7%",Экономика и бизнес,https://tass.ru/ekonomika/16593229,"Wed, 14 Dec 2022 19:00:52 +0300"
"Недельная инфляция в России с 6 по 12 декабря замедлилась до 0,19%",Экономика и бизнес,https://tass.ru/ekonomika/16593223,"Wed, 14 Dec 2022 19:00:40 +0300"
СМИ: страны Африки не считают США надежным партнером,Международная панорама,https://tass.ru/mezhdunarodnaya-panorama/16592787,"Wed, 14 Dec 2022 19:00:39 +0300"
Владимир Владимиров: санкции ускорили процессы импортозамещения в АПК Ставрополья,Экономика и бизнес,https://tass.ru/interviews/16592821,"Wed, 14 Dec 2022 19:00:00 +0300"
За год в Чебоксарах реализовано шесть проектов развития общественной инфраструктуры,Новости регионов,https://tass.ru/novosti-regionov/16593163,"Wed, 14 Dec 2022 18:58:58 +0300"
